code_departement,logs_thousand_m3,industrial_wood_thousand_m3
01,282,17
02,249,116
03,271,44
04,32,64
05,44,50
06,17,5
07,259,31
08,233,309
09,77,57
10,176,131
11,151,44
12,165,66
13,1,6
14,61,9
15,233,95
16,80,74
17,111,61
18,130,156
19,697,376
21,223,265
22,181,37
23,416,188
24,384,445
25,864,177
26,41,34
27,110,45
28,52,11
29,114,19
2A,5,0
2B,0,0
30,46,23
31,43,49
32,63,47
33,1106,1366
34,96,37
35,113,24
36,103,85
37,217,97
38,220,43
39,556,94
40,1183,1114
41,169,162
42,449,30
43,603,75
44,59,13
45,115,148
46,42,41
47,226,159
48,240,89
49,250,56
50,10,1
51,133,169
52,204,264
53,75,14
54,120,118
55,195,481
56,151,51
57,292,160
58,462,165
59,92,49
60,129,81
61,191,65
62,81,4
63,1097,168
64,66,61
65,70,52
66,14,3
67,412,114
68,301,70
69,391,33
70,514,235
71,450,97
72,279,43
73,204,4
74,206,0
75,0,0
76,141,47
77,63,20
78,22,16
79,92,25
80,72,12
81,359,175
82,23,32
83,14,27
84,10,26
85,44,11
86,136,55
87,222,267
88,803,277
89,152,115
90,49,4
91,6,2
92,2,3
93,1,0
94,0,0
95,70,8
