fichier,code,territoire,CR1_residentiel_gwh,CR2_produits_petroliers_gwh_pci,CR3_gaz_gwh_pcs,CR4_gaz_gwh_pci,CR5_electricite_gwh,CR7_enr_dechets_gwh,CR8_chaleur_commercialisee_gwh
sdes-energie-auvergne-rh-ne-alpes-xlsx-29-1-ko.xlsx,84,Auvergne-Rhône-Alpes,46719.6002566562,6089.3967562155,12832.6620797142,11549.3958717428,18560.4044009576,8812.48170685342,1707.92152088686
sdes-energie-bourgogne-franche-comt-xlsx-28-87-ko.xlsx,27,Bourgogne-Franche-Comté,20306.7937888598,2702.11720277914,4916.91508851159,4425.22357966043,6467.77598077957,6050.8174186846,660.859606956048
sdes-energie-bretagne-xlsx-28-58-ko.xlsx,53,Bretagne,19515.9309503017,2638.20688712978,3962.15814312,3565.942328808,8343.28346380169,4594.86910429703,373.629166265198
sdes-energie-centre-val-de-loire-xlsx-29-02-ko.xlsx,24,Centre-Val de Loire,17388.2435379707,1812.29257705489,4163.45238265,3747.107144385,6739.55122780766,4563.01293656748,526.279652155638
sdes-energie-corse-xlsx-25-52-ko.xlsx,94,Corse,1539.20920558955,65.7648093352952,1.11111111111111,0,1004.87561687334,464.381760389257,4.18701899165994
sdes-energie-drom-xlsx-27-15-ko.xlsx,,DROM,4931.0562248555,404.291165543731,,,3162.01344823177,1364.75161108,0
sdes-energie-france-m-tropolitaine-xlsx-29-71-ko.xlsx,10,Métropole,371169.657394175,38376.9488059561,111375.828566222,100237.2457096,147777.763664022,70069.0361541383,14708.6630604584
sdes-energie-grand-est-xlsx-29-13-ko.xlsx,44,Grand Est,38381.0381249112,5669.19044902419,12567.2898934591,11310.5609041132,11993.0435673422,8088.25586224117,1319.98734219036
sdes-energie-guadeloupe-xlsx-25-9-ko.xlsx,,Guadeloupe,1090.9961811507,55.2489784529024,,,724.2511434978,311.4960592,0
sdes-energie-guyane-xlsx-24-78-ko.xlsx,,Guyane,458.162527950265,80.8839526541216,,,331.034252816143,46.24432248,0
sdes-energie-hauts-de-france-xlsx-29-07-ko.xlsx,32,Hauts-de-France,34596.758544356,3195.42654234718,14393.1912210909,12953.8720989818,11970.7232459606,5708.11383734855,768.622819717921
sdes-energie-la-r-union-xlsx-26-06-ko.xlsx,,La Réunion,2242.69058560342,128.788273532995,,,1284.08797237043,829.8143397,0
sdes-energie-le-de-france-xlsx-29-06-ko.xlsx,11,Île-de-France,56907.7082451487,2496.75662898077,26264.6360645776,23638.1724581199,20829.6480927545,3060.30630712636,6882.82475816719
sdes-energie-martinique-xlsx-26-22-ko.xlsx,,Martinique,814.007686959655,34.6406111162144,,,614.290367383441,165.07670846,0
sdes-energie-mayotte-xlsx-24-03-ko.xlsx,,Mayotte,325.19924319145,104.729349787498,,,208.349712163952,12.12018124,0
sdes-energie-normandie-xlsx-29-12-ko.xlsx,28,Normandie,23360.5269074857,2756.79599784756,6967.76549497858,6270.98894548072,8208.09767449676,5463.6148044574,661.029485203245
sdes-energie-nouvelle-aquitaine-xlsx-29-07-ko.xlsx,75,Nouvelle-Aquitaine,37656.6730890126,3846.60896726885,9080.70179387356,8172.6316144862,15909.1060186799,9200.08392417203,528.242564405659
sdes-energie-occitanie-xlsx-28-96-ko.xlsx,76,Occitanie,30901.102116767,3090.61447648459,6436.02430241577,5792.4218721742,15051.5721327139,6581.58321378707,384.910421607291
sdes-energie-pays-de-la-loire-xlsx-28-78-ko.xlsx,52,Pays de la Loire,21435.6728528404,2175.6545967833,5299.46034963598,4769.51431467239,9257.30305649006,4617.74953697609,615.45134791854
sdes-energie-provence-alpes-c-te-d-azur-xlsx-28-5-ko.xlsx,93,Provence-Alpes-Côte d'Azur,22460.3997742753,1838.12291470505,4490.46064108366,4041.41457697529,13442.3791853644,2863.76574123781,274.717355992764
