code_departement,conso_mwh_hors_secret,lignes_avec_valeur,lignes_secret
01,1704359.628,450,7
02,1211963.379,877,7
03,827791.099,369,5
04,517763.532,219,1
05,462062.446,186,3
06,7628407.029,499,13
07,897367.956,362,5
08,558582.46,491,4
09,401033.727,339,4
10,746229.996,479,5
11,1034007.127,493,8
12,683672.573,321,5
13,4521734.277,837,45
14,1791051.204,654,9
15,356431.886,260,2
16,905319.575,403,9
17,2099580.97,544,12
18,800784.535,333,1
19,649927.199,315,4
21,1149605.551,813,6
22,1682186.601,417,6
23,303918.023,262,1
24,1242134.315,539,7
25,1138026.051,663,12
26,1284600.313,435,16
27,1557821.849,653,4
28,1136565.185,422,4
29,2286564.998,457,19
2A,500529.159,152,0
2B,509359.775,259,0
30,2042931.195,476,16
31,3087761.669,849,14
32,540682.631,476,4
33,4011853.121,844,22
34,2937119.599,588,27
35,2353995.402,518,17
36,583993.326,271,3
37,1518638.69,379,10
38,2893322.638,725,20
39,625359.37,529,6
40,1249422.637,367,8
41,909812.966,304,5
42,1504947.027,493,8
43,542937.866,268,5
44,3254301.312,499,28
45,1822718.591,446,9
46,521784.581,325,1
47,894556.109,359,5
48,185723.105,158,1
49,1873010.294,377,20
50,1433785.622,520,8
51,1256582.893,739,9
52,394699.41,451,5
53,769080.035,281,4
54,1537251.801,728,11
55,437877.359,500,4
56,2061780.465,368,12
57,2206636.631,922,32
58,565917.224,341,5
59,4707965.608,1346,33
60,1856159.195,791,9
61,750266.305,418,4
62,3010401.213,1164,38
63,1435479.869,572,9
64,1580517.292,657,11
65,564688.037,498,14
66,1261366.657,312,19
67,2431342.9,724,2
68,1605323.395,491,11
69,3522986.611,740,22
70,545592.958,560,5
71,1319424.852,662,13
72,1361209.739,455,10
73,1364784.663,330,3
74,2316492.923,398,15
75,3572702.282,944,27
76,2716059.43,1030,13
77,3083246.812,764,13
78,2833999.704,688,11
79,1085720.127,343,25
80,1243290.723,843,8
81,1008775.681,391,10
82,729011.514,228,3
83,3333186.255,422,20
84,1610925.557,270,11
85,2045285.313,327,17
86,1103795.706,374,299
87,860585.641,274,10
88,876491.541,542,12
89,888124.176,465,6
90,267096.378,122,0
91,2476420.204,502,17
92,2445562.13,620,6
93,2233352.707,614,7
94,2061821.681,536,11
95,2224473.898,559,8
971,727864.121,161,0
972,617354.862,159,0
973,332669.125,91,2
974,1290188.315,331,19
976,209389.462,134,14
