network_id,commune_code,delivered_mwh,emission_factor_kg_per_kwh,emission_factor_source
0103C,01283,40002,0.039,fcu
0105C,01344,1183,0.029,fcu
0106C,01034,11798,0.016,fcu
0107C,01370,543.8,0.079,fcu
0108C,01053,14835,0.057,fcu
0109C,01148,896,0.093,fcu
0110C,01053,30247,0.061,fcu
0201C,02691,46313,0.069,fcu
0202C,02722,35353,0.087,fcu
0205C,02168,23226.06,0.011,fcu
0301C,02530,23177,0.045,fcu
0302C,03185,27240,0.089,fcu
0303C,89065,713,0,fcu
0305C,03165,1600,0.025,fcu
0307C,03082,5690,0.029,fcu
0309C,02530,23424,0.05,fcu
0310C,03095,5909,0.015,fcu
0401C,04112,11499.63083,0.045,fcu
0403C,04088,220,0,fcu
0404C,04006,390,0.028,fcu
0405C,04039,1198,0,fcu
0406C,04019,2958,0.116,fcu
0501C,05046,8561,0.019,fcu
0504C,05170,749,0.043,fcu
0506C,05023,20566.6175,0.017,fcu
0508C,05139,231.94,0,fcu
0509C,05065,1290,0.011,fcu
0511C,05001,696,0,fcu
0602C,06088,19100,0.206,fcu
0603C,06029,7549,0.056,fcu
0604C,06099,1400,0.072,fcu
0605C,06075,1411,0.058,fcu
0606C,06088,2595,0.067,fcu
0606F,06088,1502,0.01,fcu
0608F,33359,262,0.013,fcu
0609C,06088,74752,0.003,fcu
0612C,06004,1045,0.07,fcu
0701C,07019,22445,0.012,fcu
0702C,07064,3796,0.026,fcu
0705C,07045,586,0.001,fcu
0802C,08105,34434,0.144,fcu
0803C,08409,43204,0.047,fcu
0804C,08264,213,0.019,fcu
0806C,08105,34029,0.111,fcu
0808C,08367,2698,0.071,fcu
0817C,08363,1763,0.043,fcu
1001C,10265,29600,0.05,fcu
1002C,10387,41561,0.067,fcu
1003C,10287,709.23,0.084,fcu
1101C,11262,8696,0.083,fcu
1102C,11069,5348.55,0.136,fcu
1103C,11206,4972,0,fcu
1201C,12089,6741,0.082,fcu
1202C,12083,533,0.087,fcu
1203C,12202,2053,0.04,fcu
1204C,12176,3265,0.1,fcu
1206C,12052,1393,0.024,fcu
1207C,12208,10336,0.017,fcu
1208C,12096,2862,0.143,fcu
1302C,13015,10923,0.181,fcu
1303C,13103,23964.57412,0.279,fcu
1306C,13008,8948,0.121,fcu
1310C,13056,9446,0.275,fcu
1311C,13056,17824,0.075,fcu
1317C,13001,89570,0.142,fcu
1318C,13047,3067,0.072,fcu
1319C,13002,14597,0.043,fcu
1320C,13118,786,0.132,fcu
1322C,13100,2136,0.056,fcu
1401C,14327,111179.168,0.034,fcu
1402C,14366,31636,0.087,fcu
1403C,08164,16595,0.12,fcu
1405C,14047,4780.09,0.044,fcu
1406C,14047,8366.138,0.039,fcu
1409C,14260,1866.8,0.029,fcu
1410C,71584,6111.2,0.069,fcu
1411C,14020,2771.9,0.075,fcu
1412C,14076,1056.6,0.101,fcu
1413C,14118,39280,0.064,fcu
1501C,15002,10388.49,0.004,fcu
1502C,15188,1318,0.016,fcu
1503C,15187,2252,0.006,fcu
1504C,15162,3661,0.006,fcu
1506C,15012,1334,0,fcu
1507C,03191,2648,0.002,fcu
1511C,15014,48801,0.026,fcu
1512C,15187,6484,0.003,fcu
1513C,15258,5791,0,fcu
1601C,16303,140,0,fcu
1604C,16076,401,0,fcu
1605C,16374,13878,0.196,fcu
1607C,16089,471,0.08,fcu
1608C,16015,1770,0.164,fcu
1610C,16089,5276,0.01,fcu
1611C,16015,498,0.313,fcu
1612C,16358,238,0.112,fcu
1701C,17300,23708.4,0.049,fcu
1703C,17028,1734,0.041,fcu
1704C,17300,30350,0.014,fcu
1705C,17283,3274.7,0.048,fcu
1709C,17299,1174,0.011,fcu
1801C,18033,68116,0.013,fcu
1803C,18279,3381,0.462,fcu
1901C,19229,58246,0,fcu
1902C,19073,17910,0.03,fcu
1904C,19258,428,0,fcu
1906C,19081,299.7,0.253,fcu
1907C,19031,30641.86044,0.014,fcu
1908C,19176,30576,0,fcu
1909C,19153,2802,0.043,fcu
2001C,2B096,8999,0,fcu
2102C,21231,152398.0157,0.084,fcu
2105C,21231,9719.8351,0.082,fcu
2106C,21231,245095,0.042,fcu
2108C,21464,522.04,0,fcu
2113C,21277,2027,0.028,fcu
2204C,22245,16694,0,fcu
2205C,22330,859,0.017,fcu
2207C,22330,280,0.014,fcu
2208C,22215,4005,0.044,fcu
2209C,22136,8477,0,fcu
2210C,22113,5340.57,0.057,fcu
2212C,22113,2011.68,0.008,fcu
2214C,22264,238.86,0,fcu
2215C,22131,209.63,0,fcu
2216C,22379,1777.77,0.015,fcu
2217C,22046,266,0.056,fcu
2218C,22046,199,0.068,fcu
2301C,23030,5391,0.019,fcu
2302C,23079,8355,0.018,fcu
2304C,23090,976,0,fcu
2305C,23096,22810,0.033,fcu
2401C,24372,3893.6,0.063,fcu
2402C,24322,2568.52,0.058,fcu
2403C,24068,684,0.042,fcu
2406C,24138,3753,0.029,fcu
2407C,24322,13800,0.077,fcu
2501C,25056,126017,0.056,fcu
2502C,25388,45058,0.113,fcu
2503C,25057,5292,0.089,fcu
2504C,25512,1979,0.043,fcu
2505C,25031,5435,0.247,fcu
2506C,25056,11880,0.04,fcu
2507C,25413,3513,0.006,fcu
2510C,25411,2856,0.266,fcu
2511C,25462,32000,0.027,fcu
2514C,25259,1027,0.012,fcu
2515C,25282,1789,0,fcu
2516C,25015,714,0.143,fcu
2518C,25429,7460,0.004,fcu
2601C,16392,45280.26938,0.109,fcu
2602C,26364,1679,0.041,fcu
2603C,26235,113623.498,0,fcu
2604C,26198,5121,0.244,fcu
2605C,26281,5898,0.165,fcu
2607C,16392,10646,0.132,fcu
2701C,27229,97984,0.062,fcu
2702C,27375,21690.701,0.048,fcu
2705C,07336,12142,0.22,fcu
2706C,27165,2966,0.014,fcu
2709C,27056,7313.4,0.069,fcu
2802C,28280,2783,0.297,fcu
2803C,28088,15431,0.081,fcu
2807C,28085,46407.5,0,fcu
2901C,29019,159398,0.025,fcu
2902C,29189,3847,0.042,fcu
2903C,29020,34335,0,fcu
2905C,29189,35828,0,fcu
2906C,29270,37726,0,fcu
2907C,29103,1850,0,fcu
2910C,29232,2727,0,fcu
3001C,30189,65935,0.085,fcu
3002C,30007,23093,0.051,fcu
3101C,31555,153206.8919,0.009,fcu
3102C,31044,6554,0.129,fcu
3103C,31069,13058,0.063,fcu
3104C,31555,15579,0.06,fcu
3106C,31555,4201,0.084,fcu
3107C,31555,40315,0.045,fcu
3108C,31004,844.8,0.203,fcu
3111C,31113,1841.9,0.215,fcu
3112C,31555,105725,0.071,fcu
3112F,31555,613,0.027,fcu
3113C,31446,4000,0.046,fcu
3114C,31555,2726,0.216,fcu
3115C,31066,33424,0,fcu
3116C,31011,318,0,fcu
3301F,33029,11255,0.017,fcu
3302C,33063,17982,0.248,fcu
3302F,33063,5185,0.01,fcu
3303C,33063,3445,0,fcu
3304C,16216,10328,0.242,fcu
3305C,33029,6302,0.135,fcu
3310C,33187,861,0.003,fcu
3312C,33463,419,0.021,fcu
3313C,33352,2300,0.007,fcu
3315C,33039,5062,0.068,fcu
3316C,33063,18609,0.09,fcu
3317C,33318,11935.2,0.077,fcu
3318C,33063,32108,0.079,fcu
3319C,33063,27531,0.006,fcu
3320C,33240,1559,0.103,fcu
3321C,33529,3448,0.102,fcu
3324C,33119,109945,0.019,fcu
3326C,33063,14734,0.06,fcu
3327C,33318,1488,0.226,fcu
3329C,33162,1227,0.027,fcu
3334C,33039,496,0.116,fcu
3335C,16216,11896,0.082,fcu
3401C,34172,116431,0.065,fcu
3401F,34172,14943,0.08,fcu
3404C,34107,1252,0,fcu
3409C,34123,4817,0.067,fcu
3410C,34057,2076,0.094,fcu
3411C,34172,3501.9,0,fcu
3411F,34172,14025,0.014,fcu
3412C,34129,2400,0.044,fcu
3413C,34198,539,0.065,fcu
3414C,34057,4171,0.061,fcu
3414F,34057,1048,0.014,fcu
3425C,34057,1791,0.146,fcu
3427F,34172,1104,0.011,fcu
3430C,34057,1921,0.145,fcu
3504C,35238,4531,0.109,fcu
3505C,35238,20548,0.204,fcu
3506C,35238,183798,0.086,fcu
3507C,35238,201586,0.192,fcu
3508C,35085,3855,0.009,fcu
3510C,35360,19986.27,0.049,fcu
3511C,35136,4088.15,0.035,fcu
3512C,35353,4260.93,0.058,fcu
3514C,35066,1301.2,0.069,fcu
3515C,35240,2711,0.016,fcu
3516C,35087,43195,0,fcu
3518C,35152,1800.28,0.029,fcu
3519C,35360,37974,0,fcu
3601C,36044,5038.28,0.044,fcu
3602C,36044,6712,0.037,fcu
3604C,36141,677,0.014,fcu
3605C,36088,6592,0.056,fcu
3606C,36044,3776,0.046,fcu
3701C,37122,62854,0.087,fcu
3702C,37261,108802,0.044,fcu
3704C,37261,23349,0.209,fcu
3705C,37233,27163,0.081,fcu
3707C,37210,3804,0,fcu
3708C,37195,4612,0.238,fcu
3710C,37261,2383,0.228,fcu
3711C,37122,1393,0.12,fcu
3712C,37261,68885,0.047,fcu
3713C,37261,6563,0.179,fcu
3714C,37261,10466,0.158,fcu
3801C,38281,476,0.029,fcu
3802C,38185,619167,0.049,fcu
3803C,38053,43324,0.048,fcu
3804C,38559,4086,0.069,fcu
3805C,38416,3759,0.023,fcu
3806C,38006,5561,0.019,fcu
3807C,38548,979,0.062,fcu
3809C,38242,762,0.023,fcu
3810C,38226,1522.5,0,fcu
3811C,38314,1039,0.038,fcu
3817C,38548,7565,0.016,fcu
3820C,38179,1657,0.034,fcu
3821C,38169,1702,0.043,fcu
3823C,38425,909000,0.028,fcu
3824C,38430,2190,0.012,fcu
3827C,38229,1043.517,0.295,fcu
3828C,38563,3149,0.045,fcu
3829C,38317,1026,0.032,fcu
3901C,39198,45460,0.011,fcu
3902C,39300,34345,0.036,fcu
3904C,39333,4833,0.1,fcu
3905C,39016,2079,0,fcu
3908C,39032,78,0,fcu
4003C,40192,8297,0.029,fcu
4005C,40192,1512,0.251,fcu
4006C,40192,2593,0,fcu
4007C,40229,37365,0,fcu
4101C,41018,43269,0.02,fcu
4102C,41295,858,0.177,fcu
4103C,41143,1529,0.051,fcu
4104C,41159,320,0,fcu
4105C,41285,196,0,fcu
4106C,41018,24820,0.018,fcu
4202C,42218,11450,0.238,fcu
4203C,42218,12883,0.222,fcu
4204C,42218,18306,0.24,fcu
4206C,42095,50734,0.111,fcu
4207C,42187,10867,0.057,fcu
4210C,42218,23206,0.07,fcu
4211C,42005,15726.48785,0.026,fcu
4212C,42149,5280.709316,0.006,fcu
4213C,42218,32360,0.082,fcu
4213F,42218,2058,0.02,fcu
4214C,42207,46450,0.103,fcu
4215C,42318,1543,0.041,fcu
4217C,42115,665.53,0.067,fcu
4224C,42217,442.85,0.003,fcu
4225C,42156,1009.07,0.044,fcu
4226C,42168,653.22,0.011,fcu
4229C,42289,657.57,0.01,fcu
4230C,42139,826.85,0.059,fcu
4235C,38339,299.1,0.033,fcu
4236C,42168,1023.08,0.017,fcu
4237C,42187,331.53,0.018,fcu
4238C,42262,204.78,0.056,fcu
4241C,42093,305.82,0.025,fcu
4246C,42316,2755.56,0.047,fcu
4247C,42234,1133.11,0.003,fcu
4249C,42015,925.14,0.034,fcu
4250C,42230,581.8,0.016,fcu
4301C,43244,3025,0,fcu
4303C,43157,19846,0.011,fcu
4305C,43003,2390,0,fcu
4306C,43087,964,0,fcu
4307C,43268,12856,0.023,fcu
4308C,59469,1648,0.006,fcu
4314C,43130,219,0,fcu
4315C,43234,1250,0,fcu
4316C,43223,189,0,fcu
4319C,43150,371,0,fcu
4401C,44109,265743,0.042,fcu
4402C,44036,16476,0.077,fcu
4403C,44109,11591,0.095,fcu
4405C,44109,63311,0.095,fcu
4406C,44143,18111,0.099,fcu
4407C,44166,755,0.442,fcu
4408C,44172,2574,0.104,fcu
4409C,44169,1378,0.116,fcu
4410C,44109,75701,0.069,fcu
4411C,44109,5105.4,0.214,fcu
4412C,44052,1700,0.119,fcu
4501C,45234,103226.6,0.015,fcu
4503C,45234,74344.85,0.006,fcu
4504C,45208,21799,0.039,fcu
4505C,45147,24017,0.093,fcu
4507C,45004,11500,0.02,fcu
4510C,45252,21358,0,sdes
4601C,46211,326,0.221,fcu
4603C,46128,2186,0,fcu
4604C,46029,1047,0.01,fcu
4605C,46045,1889,0.013,fcu
4607C,46064,1231,0.005,fcu
4608C,46044,710,0.068,fcu
4609C,46267,1095,0.022,fcu
4611C,46190,1541,0.024,fcu
4612C,46102,876,0.005,fcu
4613C,46176,492,0.037,fcu
4614C,46042,3331,0.021,fcu
4615C,46317,553,0.028,fcu
4616C,46143,2428,0.02,fcu
4617C,06068,4628,0.008,fcu
4701C,38296,21805,0,fcu
4802C,48095,33369,0.001,fcu
4803C,48140,9706,0.005,fcu
4901C,49007,58185,0.031,fcu
4902C,49007,19976,0.139,fcu
4903C,49007,29454,0.023,fcu
4905C,49328,10009,0.07,fcu
4907C,49007,43448.358,0.068,fcu
4908C,49129,624,0.046,fcu
4910C,49007,55396,0.142,fcu
4913C,49099,11154,0.109,fcu
4914C,49248,1150,0,fcu
4915C,49007,14757,0.067,fcu
4916C,49353,3075,0.22,fcu
4917C,49023,2110.93,0,fcu
5001C,50129,22046,0.037,fcu
5002C,50129,7265.93,0.167344894597,sdes
5003C,50591,1128,0.067,fcu
5004C,50410,3000,0.246,fcu
5006C,50025,10751,0.012,fcu
5007C,50090,72,0,fcu
5010C,50592,487,0.047,fcu
5013C,50147,1866,0.023,fcu
5101C,51454,12703,0.069,fcu
5103C,51649,21792,0.012,fcu
5104C,51230,12346,0.191,fcu
5106C,51454,138554,0.052,fcu
5107C,51108,13314,0.088,fcu
5108C,51454,13268,0.098,fcu
5109C,51454,4746,0.028,fcu
5110C,51108,62987,0.065,fcu
5202C,52448,52988,0.074,fcu
5204C,18060,52420,0.043,fcu
5207C,52550,2229.51,0,fcu
5209C,52269,13899,0.099,fcu
5213C,52197,1327,0.024,fcu
5214C,52444,601.27,0.032,fcu
5302C,53130,51894.28339,0.038,fcu
5303C,53200,1850,0.068,fcu
5304C,53181,99566,0,fcu
5305C,53097,8577,0.048,fcu
5306C,53147,8705,0.103896496267,sdes
5401C,54395,83934,0.105,fcu
5403C,54547,163885,0.053,fcu
5407C,54395,22208,0.107,fcu
5408C,54174,12900,0.115,fcu
5410C,54547,65088,0.059,fcu
5411C,54395,22639,0.071,fcu
5412C,54431,13789,0.03,fcu
5413C,54304,23369,0.094,fcu
5414C,54150,12500,0.049,fcu
5415C,54013,517,0,fcu
5417C,54329,13322,0.041,fcu
5501C,55029,19148,0.1,fcu
5502C,09328,11942,0.246,fcu
5503C,55291,4109,0.057,fcu
5601C,56098,3904.065,0.092,fcu
5602C,56083,1824.35,0,fcu
5604C,56117,3213,0,fcu
5605C,56075,765.8,0,fcu
5607C,56244,558,0.039,fcu
5608C,56118,308,0.002,fcu
5611C,56166,536.96,0.003,fcu
5612C,56121,2058,0.014,fcu
5613C,56121,1905.46,0.006,fcu
5616C,56151,3396,0.095,fcu
5617C,56178,41200,0,fcu
5701C,57463,427940,0.04,fcu
5702C,57757,6511,0.044,fcu
5703C,57207,17959,0.133,fcu
5705C,57606,4010.44,0.241,fcu
5706C,57240,16109,0.102,fcu
5707C,57631,50710,0.081,fcu
5708C,57058,55281,0,fcu
5709C,57606,1268.51,0.085,fcu
5710C,57606,1648.5,0.026,fcu
5711C,57606,755.58,0.036,fcu
5712C,57660,4424,0,fcu
5713C,57160,14190,0.206,fcu
5714C,57630,24010,0.094,fcu
5714F,57463,6541.63,0.008,fcu
5716C,57144,2263.6,0.282,fcu
5717C,57598,3187,0.277,fcu
5719C,57124,1758,0.017,fcu
5720C,57019,19267,0.025,fcu
5721C,57591,11176,0.047,fcu
5722C,57606,2200.52,0.205,fcu
5802C,58194,69091,0.07,fcu
5803C,58095,6214,0.068,fcu
5807C,58083,676.81,0,fcu
5818C,58062,509.89,0,fcu
5819C,58086,9071,0.042,fcu
5820C,58062,4586.22,0.088,fcu
5823C,58059,5368,0,fcu
5824C,58149,2050,0.007,fcu
5825C,58205,87.28,0,fcu
5827C,58180,628.25,0.03,fcu
5828C,58300,705.86,0.005,fcu
5831C,58088,226.49,0.021,fcu
5901C,59512,117127.57,0.049,fcu
5902C,59606,1333,0.251,fcu
5904C,59009,26789.95,0.105,fcu
5905C,59009,23954,0.242,fcu
5906C,59648,17039,0.158,fcu
5907C,59650,13121.58,0.109,fcu
5908C,59569,28834.96,0.1,fcu
5909C,59410,36348,0.071,fcu
5910C,59350,205973.55,0.086,fcu
5911C,59328,18750,0.132,fcu
5912C,59392,34471,0.051,fcu
5914C,59183,112136,0.109,fcu
5915C,59179,16398,0.057,fcu
5916C,59295,18978.439,0.091,fcu
5917C,59350,12056.006,0.107,fcu
5919C,59350,5823,0.241,fcu
5920C,59271,19644,0.05,fcu
5922C,59172,13053.47,0.059,fcu
5923C,59249,1570,0,fcu
5924C,59663,1230,0.03,fcu
5925C,59367,14582,0.2,fcu
5926C,59560,3970.61,0.119,fcu
5927C,59507,5684.86,0.229,fcu
5928C,59009,14550.435,0.19,fcu
6001C,60159,49157,0.091,fcu
6002C,60175,59000.332,0.105,fcu
6003C,60463,42566,0.074,fcu
6004C,60414,15256.013,0.029,fcu
6005C,60057,24168,0.017,fcu
6006C,27112,4948.65,0.023,fcu
6007C,60684,44385,0.051,fcu
6008C,60286,5079,0,fcu
6101C,61001,17197,0.042,fcu
6102C,80314,16704,0.063,fcu
6103C,61006,27485.595,0.099,fcu
6104C,61168,3040.597598,0.032,fcu
6105C,61214,17792,0.019,fcu
6109C,61001,21734.012,0.083,fcu
6201C,62065,8096,0.204,fcu
6202C,62040,4167,0.066,fcu
6203C,62498,37314,0.021,fcu
6204C,62119,46610,0.075,fcu
6206C,62510,18275.9,0.086,fcu
6207C,62193,46167.43892,0.081,fcu
6209C,62004,3819,0.088,fcu
6210C,62041,62930.2998,0.093,fcu
6211C,62160,37798,0.145,fcu
6212C,62643,4471.549,0.176,fcu
6301C,63300,14161,0.022,fcu
6303C,63113,11602,0.266,fcu
6305C,63305,2962,0.015,fcu
6306C,63113,31649,0.07,fcu
6307C,63308,6832,0.24,fcu
6308C,63113,56583,0.041,fcu
6311C,63353,2380.86,0.029,fcu
6312C,63009,1313.19,0,fcu
6315C,63006,311,0,fcu
6316C,63006,257,0,fcu
6317C,63113,39295,0.056,fcu
6319C,63178,21286,0.036,fcu
6401C,64445,4637,0.026,fcu
6402C,64102,13286,0.045,fcu
6403C,64445,71501,0.051,fcu
6501C,65460,7009,0.032,fcu
6604C,66136,25433,0.118,fcu
6702C,67482,124726,0.238,fcu
6703C,67482,198631,0.076,fcu
6704C,67482,1977,0.06,fcu
6705C,67482,1601,0.159,fcu
6708C,67482,13990,0.057,fcu
6709C,67447,15694,0.228,fcu
6710C,67180,5594,0.036,fcu
6712C,67421,892,0,fcu
6713C,67267,26730,0.109,fcu
6714C,67180,41501,0,fcu
6715C,67324,3694,0.031,fcu
6716C,67310,3533,0,fcu
6717C,67371,953,0,fcu
6722C,67482,2414,0.109,fcu
6724C,67462,3992,0.048,fcu
6725C,67482,42930,0.04,fcu
6726C,67267,1443,0.247,fcu
6727C,67131,586,0.234,fcu
6728C,67447,1906,0.141,fcu
6730C,67482,487,0.1,fcu
6731C,67447,7219,0.156,fcu
6732C,67434,10038,0.184,fcu
6733C,67482,9004,0.01,fcu
6735C,67482,9020,0,fcu
6736C,67458,37834,0,fcu
6738C,67482,0,0.006,fcu
6739C,67400,3199,0.231,fcu
6741C,67116,1319,0.198,fcu
6742C,67046,16655,0.011,fcu
6801C,68066,140266.15,0.035,fcu
6802C,68056,101032.1,0.084,fcu
6803C,68224,17000,0.207,fcu
6806C,86047,13129,0.064,fcu
6809C,68128,188,0,fcu
6810C,68278,9552,0.047,fcu
6812C,68006,411,0,fcu
6813C,68087,112,0.213,fcu
6814C,68162,351.27,0.074,fcu
6815C,68210,792,0,fcu
6816C,68334,2699,0.02,fcu
6818C,68175,1251,0,fcu
6819C,68298,1070,0.114,fcu
6820C,68097,450,0,fcu
6821C,68154,40088,0,fcu
6822C,68278,18262,0.03,fcu
6901C,69259,138591,0.118,fcu
6904C,69040,62277,0.073,fcu
6905C,69003,582269,0.094,fcu
6905F,69003,39918,0.008,fcu
6906C,69256,81590,0.072,fcu
6912C,69091,20762,0.061,fcu
6913C,69264,31140,0.019439450867,sdes
6914C,69149,7006,0.311,fcu
6915C,69001,2809,0.207,fcu
6923C,69250,909,0.071,fcu
6925C,69269,545.24,0.06,fcu
6929C,21171,3051,0.237,fcu
6930C,69140,158376,0.027,fcu
6932C,69248,3241,0.013,fcu
6934C,69119,305,0.01,fcu
6935C,69110,822.92,0,fcu
6937C,69169,208,0.039,fcu
6938C,69227,2076,0.051,fcu
6942C,69299,489,0.057,fcu
6943C,69139,604,0.038,fcu
7001C,70279,7151,0.109,fcu
7002C,70477,275,0.087,fcu
7003C,70095,248,0,fcu
7006C,70121,1100,0,fcu
7007C,70482,978,0.274,fcu
7008C,70334,1135,0.103,fcu
7011C,70285,3460,0.048,fcu
7101C,71076,101486,0.069,fcu
7102C,71306,33545,0.082,fcu
7104C,71014,29772,0.112,fcu
7105C,71545,1307,0.025,fcu
7107C,71270,96919,0.079,fcu
7108C,71289,938,0.068,fcu
7202C,72181,11054,0.261,fcu
7203C,72003,149877,0.034,fcu
7204C,72095,12547,0.26,fcu
7205C,72160,483,0.047,fcu
7206C,72150,3468,0.017,fcu
7301C,73065,177908,0.088,fcu
7304C,73210,12751,0.058,fcu
7305C,73054,5199,0.026,fcu
7307C,73231,1181,0.058,fcu
7308C,73034,2285,0.027,fcu
7311C,73124,885,0.103,fcu
7312C,73330,705.98,0.168,fcu
7314C,73033,290.19,0,fcu
7315C,73008,15964,0.053,fcu
7318C,73303,14225,0.069,fcu
7319C,73011,25063,0.012,fcu
7320C,73030,9979,0.014,fcu
7321C,73296,364.44,0.027,fcu
7402C,74010,43605,0.025,fcu
7403C,74012,16145,0.035,fcu
7407C,74281,9484,0.231,fcu
7408C,74081,27778,0.035,fcu
7409C,74014,11882,0.238,fcu
7410C,74210,15201,0.023,fcu
7411C,74264,3679,0.041,fcu
7412C,74191,5292,0.097,fcu
7413C,74077,347.74,0.295,fcu
7416C,74309,4930,0.009,fcu
7417C,74290,1746,0.025,fcu
7418C,74281,51805,0,fcu
7421C,74010,42366,0.05,fcu
7426C,74153,915,0.007,fcu
7429C,74008,4741.81,0.06,fcu
7434C,74140,413,0,fcu
7475C,74012,6387,0.2,fcu
7476C,74012,10626,0.186,fcu
7477C,74010,3191,0.072,fcu
7477F,74010,378,0.053,fcu
7501C,75056,3783313,0.149,fcu
7504C,75056,3886.12,0.15,fcu
7601C,76540,135997.683,0.087,fcu
7602C,76351,72110,0.133,fcu
7603C,76351,85194.1,0.212,fcu
7605C,76451,61929.84462,0.066,fcu
7606C,76157,45974.232,0.034,fcu
7607C,76498,39483,0.065,fcu
7608C,76575,29626,0.011,fcu
7609C,76217,11159.939,0.223,fcu
7610C,76305,12996,0.019,fcu
7613C,76351,14360.377,0.236,fcu
7614C,76540,13047,0.015,fcu
7615C,76410,36889,0.027,fcu
7616C,76330,13837,0.034,fcu
7617C,76462,9657,0.087,fcu
7619C,76540,3539,0.111,fcu
7619F,76540,54,0.223,fcu
7620C,76322,42959,0,fcu
7621C,76592,317537,0,fcu
7701C,77284,132820.5416,0.081,fcu
7703C,77288,94226,0.05,fcu
7704C,77350,6355,0.134,fcu
7705C,77333,17408,0.103,fcu
7706C,77152,32661,0.011,fcu
7707C,77014,14609,0.228,fcu
7708C,77285,61895.46,0.077,fcu
7710C,77487,12867,0.083,fcu
7711C,77131,33930,0.015,fcu
7715C,77305,30226.26542,0.01,fcu
7716C,71540,47758,0.039,fcu
7717C,77108,52222.00583,0.102,fcu
7718C,77390,5234,0.081,fcu
7721C,77018,1971,0.078,fcu
7722C,77510,58424,0,fcu
7723C,77111,11098.67038,0.168,fcu
7724C,77058,16234,0.07,fcu
7726C,77257,2717,0.05,fcu
7727C,77083,73105,0.035,fcu
7729C,77132,692.59,0,fcu
7801C,78208,10192,0.195,fcu
7802C,78361,81042,0.104,fcu
7803C,78646,78532,0.255,fcu
7804C,78158,76295,0.235,fcu
7805C,78551,48943,0.092,fcu
7806C,78005,11278,0.092,fcu
7807C,78138,9711,0.427,fcu
7808C,78440,36382.63344,0.096,fcu
7809C,78640,93387,0.101,fcu
7811C,78124,76401,0.013,fcu
7812C,78490,63268,0.037,fcu
7816C,78123,4165,0.187,fcu
7821C,78005,9745,0.117,fcu
7901C,79191,8436,0.277,fcu
7904C,79001,1494,0,fcu
7905C,79191,1236,0.053,fcu
7906C,79148,1022,0.048,fcu
7907C,79329,560,0,fcu
8001C,80021,22495,0.051,fcu
8002C,80021,159995,0.101,fcu
8005C,80001,22927,0.1,fcu
8006C,80212,7236.47,0.014,fcu
8007C,80021,4854,0.058,fcu
8013C,80685,4801,0.094,fcu
8101C,81060,5626,0.184,fcu
8102C,81163,5017,0.045,fcu
8103C,81065,10555.07493,0.011,fcu
8105C,81105,3848.5,0.026,fcu
8112C,81124,1091.8,0.012,fcu
8113C,81267,557.5,0.022,fcu
8201C,82121,32993,0.054,fcu
8204C,82194,721,0,fcu
8304C,83126,16181,0.007,fcu
8307C,04205,2602,0.074,fcu
8401C,84007,8607,0.206,fcu
8405C,84141,21732,0,fcu
8501C,85191,6135.8,0.205,fcu
8502C,85109,1768.86,0.078,fcu
8503C,85264,1294,0,fcu
8601C,86194,94484,0.07,fcu
8605C,86139,1361.79,0.008,fcu
8606C,86066,5089,0.329,fcu
8607C,86077,1676,0.228,fcu
8608C,86194,3500,0.246,fcu
8610C,86194,16779,0.03,fcu
8611C,86062,13112,0.16,fcu
8701C,87085,119477,0.034,fcu
8702C,87085,41268,0.027,fcu
8703C,87011,3148,0.284,fcu
8704C,87085,3201,0.363,fcu
8705C,87033,267,0,fcu
8707C,87187,8060,0.034,fcu
8801C,88160,78693,0,fcu
8802C,88413,24207,0.101,fcu
8805C,88188,192.82,0.015,fcu
8806C,88310,595,0.037,fcu
8807C,88181,1278,0.088,fcu
8808C,88075,1270.73,0.127,fcu
8809C,88075,1901,0.077,fcu
8814C,88516,14051,0.094,fcu
8815C,88486,1532,0.035,fcu
8821C,88447,3315.61,0.054,fcu
8822C,88429,1372,0.009,fcu
8901C,89387,45900,0.032,fcu
8902C,89024,31354.32094,0.045,fcu
9002C,90010,13624,0.124,fcu
9003C,90033,1533,0.036,fcu
9101C,91377,217699,0.068,fcu
9101F,91534,15999,0.031,fcu
9102C,91692,122408,0.048,fcu
9103C,89162,223856,0.062,fcu
9104C,91570,32665.4,0.204,fcu
9106C,91103,11711,0.057,fcu
9107C,91200,8122.11,0.261,fcu
9108C,91115,20065,0.069,fcu
9109C,91657,50031,0.039,fcu
9114C,91215,39021,0.061,fcu
9115C,91521,46090.71089,0.05,fcu
9118C,69096,134548,0.086,fcu
9119C,91666,76429,0,fcu
9120C,91687,9656,0.21,fcu
9121C,91477,11129,0.064,fcu
9122C,91086,8989,0.053,fcu
9123C,91534,46297,0.145,fcu
9125C,91521,6588,0.119,fcu
9127C,91477,15250,0.21,fcu
9127F,91477,7844,0.011,fcu
9128C,91534,53708,0.198,fcu
9201C,92048,67796,0.25,fcu
9202C,92025,14283,0.241,fcu
9204C,92050,4980,0.162,fcu
9205C,92036,80950,0.092,fcu
9209C,92022,11467,0.198,fcu
9211C,92044,126377,0.169,fcu
9217C,92060,28964,0.165,fcu
9219C,92012,64787,0.122,fcu
9219F,92012,10175,0.012,fcu
9222C,92073,49917,0.2,fcu
9224C,92026,82145,0.189,fcu
9225C,92026,207664,0.144,fcu
9225F,92026,63184,0.015,fcu
9226C,92078,3540,0.292,fcu
9230C,92062,30901,0.216,fcu
9231F,92026,68989,0.009,fcu
9232C,92050,7484,0.095,fcu
9233C,92025,9603,0.121,fcu
9234C,92040,11121,0.169,fcu
9234F,92044,7518,0.013,fcu
9235C,92024,133768.8939,0.19,fcu
9235F,92073,6978,0.017,fcu
9236C,36011,82825,0.096,fcu
9237C,92050,4083,0.116,fcu
9240F,92026,15501,0.009,fcu
9242C,92023,7217.5,0.098,fcu
9242F,92062,6422,0.009,fcu
9245C,92040,5433,0.121,fcu
9245F,92040,2976,0.033,fcu
9301C,11339,317817,0.094,fcu
9302C,93006,109911,0.095,fcu
9303C,93008,127756,0.122,fcu
9304C,93071,60649,0.093,fcu
9305C,93050,63251,0.059,fcu
9306C,11434,44641,0.079,fcu
9307C,93001,7334.06,0.245,fcu
9309C,93071,48385,0.136,fcu
9310C,93013,6274,0.272,fcu
9310F,93013,379,0.021,fcu
9311C,93014,27595,0.212,fcu
9312C,93005,43150.25905,0.187,fcu
9313C,93027,63631,0.078,fcu
9314C,93073,43807,0.034,fcu
9315C,93007,46379.48681,0.088,fcu
9316C,93010,31938.6,0.124,fcu
9317C,93005,1871,0.482,fcu
9321C,93005,41194,0.201,fcu
9322F,11339,13397,0.008,fcu
9324C,93064,62606,0.045,fcu
9326C,93070,40252,0.064,fcu
9327C,93029,3785,0.1,fcu
9328C,93051,1088,0.072,fcu
9329C,93030,3212.529999,0.249,fcu
9401C,94044,13077,0.102,fcu
9402C,94028,285056,0.076,fcu
9403C,94081,186115,0.127,fcu
9404C,94033,95844,0.167,fcu
9406C,94041,18211,0.064,fcu
9408C,94065,41137,0.005,fcu
9409C,94071,24900,0.006,fcu
9410C,94016,48020,0.065,fcu
9411C,94017,62852,0.064,fcu
9412C,94046,123654,0.101,fcu
9413C,94073,32405,0.023,fcu
9414C,94011,35321,0.011,fcu
9415C,94021,205175,0.045,fcu
9419C,94034,70777.65804,0.079,fcu
9420C,94054,76130,0.037,fcu
9421C,94002,43225,0.021,fcu
9422C,94003,62112,0.048,fcu
9423C,94041,65689,0.065,fcu
9424C,94078,58005,0.105,fcu
9425C,94054,54800,0.053,fcu
9429C,94002,9188,0.215,fcu
9501C,95607,11160,0.236,fcu
9502C,95585,161336,0.077,fcu
9503C,95127,273713.6386,0.086,fcu
9507C,54209,65289,0.099,fcu
9509C,95018,105819,0.045,fcu
9510C,95527,173441,0.177,fcu
9510F,95527,100329,0.009,fcu
9511C,54209,7967,0.218,fcu
9514C,95680,53285.61113,0.092,fcu
9515C,95500,21323.36,0.204,fcu
9516C,54209,13687,0.212,fcu
9518C,28185,18276,0.023,fcu
9519C,95018,7105,0,fcu
9520C,95641,5016,0.287,fcu
9521C,95219,5090,0.232,fcu
9522C,95268,20558.75407,0.272,fcu
9523C,95063,7616,0.057,fcu
