annee,geographie,code_modalite,modalite,valeur_milliers_m3
2018,35,1,Récolte de bois,194
2018,56,1,Récolte de bois,241
2018,NR93,1,Récolte de bois,873
2018,NR75,1,Récolte de bois,10178
2018,NR28,1,Récolte de bois,1238
2018,16,1,Récolte de bois,222
2018,27,1,Récolte de bois,333
2018,17,1,Récolte de bois,213
2018,08,1,Récolte de bois,720
2018,19,1,Récolte de bois,1158
2018,23,1,Récolte de bois,666
2018,61,1,Récolte de bois,411
2018,24,1,Récolte de bois,749
2018,NR11,1,Récolte de bois,307
2018,33,1,Récolte de bois,2671
2018,55,1,Récolte de bois,997
2018,40,1,Récolte de bois,2821
2018,89,1,Récolte de bois,389
2018,47,1,Récolte de bois,475
2018,10,1,Récolte de bois,425
2018,64,1,Récolte de bois,190
2018,90,1,Récolte de bois,92
2018,79,1,Récolte de bois,161
2018,86,1,Récolte de bois,270
2018,87,1,Récolte de bois,583
2018,NR76,1,Récolte de bois,2901
2018,NR32,1,Récolte de bois,1314
2018,09,1,Récolte de bois,172
2018,02,1,Récolte de bois,505
2018,11,1,Récolte de bois,251
2018,12,1,Récolte de bois,284
2018,30,1,Récolte de bois,110
2018,62,1,Récolte de bois,131
2018,31,1,Récolte de bois,144
2018,NR44,1,Récolte de bois,7569
2018,32,1,Récolte de bois,163
2018,34,1,Récolte de bois,213
2018,46,1,Récolte de bois,104
2018,48,1,Récolte de bois,409
2018,66,1,Récolte de bois,22
2018,81,1,Récolte de bois,744
2018,75,1,Récolte de bois,0
2018,77,1,Récolte de bois,145
2018,82,1,Récolte de bois,112
2018,NR84,1,Récolte de bois,5468
2018,91,1,Récolte de bois,41
2018,01,1,Récolte de bois,381
2018,92,1,Récolte de bois,6
2018,03,1,Récolte de bois,423
2018,93,1,Récolte de bois,0
2018,94,1,Récolte de bois,0
2018,07,1,Récolte de bois,240
2018,NR24,1,Récolte de bois,2025
2018,26,1,Récolte de bois,166
2018,14,1,Récolte de bois,81
2018,38,1,Récolte de bois,453
2018,42,1,Récolte de bois,506
2018,85,1,Récolte de bois,82
2018,63,1,Récolte de bois,1401
2018,29,1,Récolte de bois,291
2018,73,1,Récolte de bois,233
2018,74,1,Récolte de bois,226
2018,04,1,Récolte de bois,216
2018,05,1,Récolte de bois,132
2018,71,1,Récolte de bois,632
2018,13,1,Récolte de bois,104
2018,70,1,Récolte de bois,743
2018,76,1,Récolte de bois,372
2018,57,1,Récolte de bois,873
2018,88,1,Récolte de bois,1444
2018,59,1,Récolte de bois,258
2018,NR52,1,Récolte de bois,1076
2018,60,1,Récolte de bois,329
2018,49,1,Récolte de bois,324
2018,18,1,Récolte de bois,383
2018,METRO,1,Récolte de bois,38894
2018,52,1,Récolte de bois,655
2018,54,1,Récolte de bois,476
2018,78,1,Récolte de bois,78
2018,NR94,1,Récolte de bois,24
2018,83,1,Récolte de bois,233
2018,28,1,Récolte de bois,112
2018,72,1,Récolte de bois,399
2018,41,1,Récolte de bois,455
2018,25,1,Récolte de bois,948
2018,22,1,Récolte de bois,291
2018,45,1,Récolte de bois,406
2018,NR27,1,Récolte de bois,4905
2018,44,1,Récolte de bois,126
2018,58,1,Récolte de bois,773
2018,68,1,Récolte de bois,657
2018,06,1,Récolte de bois,79
2018,43,1,Récolte de bois,712
2018,36,1,Récolte de bois,285
2018,69,1,Récolte de bois,411
2018,39,1,Récolte de bois,707
2018,21,1,Récolte de bois,620
2018,84,1,Récolte de bois,108
2018,NR53,1,Récolte de bois,1017
2018,15,1,Récolte de bois,315
2018,50,1,Récolte de bois,42
2018,2B,1,Récolte de bois,17
2018,2A,1,Récolte de bois,6
2018,80,1,Récolte de bois,91
2018,53,1,Récolte de bois,145
2018,67,1,Récolte de bois,846
2018,51,1,Récolte de bois,476
2018,65,1,Récolte de bois,172
2018,37,1,Récolte de bois,385
2018,95,1,Récolte de bois,37
2018,78,1.11,Grumes,21
2018,83,1.11,Grumes,4
2018,81,1.11,Grumes,480
2018,64,1.11,Grumes,85
2018,40,1.11,Grumes,1553
2018,68,1.11,Grumes,396
2018,08,1.11,Grumes,235
2018,55,1.11,Grumes,214
2018,28,1.11,Grumes,56
2018,31,1.11,Grumes,48
2018,61,1.11,Grumes,182
2018,62,1.11,Grumes,60
2018,27,1.11,Grumes,126
2018,22,1.11,Grumes,205
2018,44,1.11,Grumes,66
2018,95,1.11,Grumes,8
2018,NR24,1.11,Grumes,743
2018,17,1.11,Grumes,125
2018,63,1.11,Grumes,1117
2018,18,1.11,Grumes,128
2018,21,1.11,Grumes,247
2018,NR76,1.11,Grumes,1549
2018,43,1.11,Grumes,582
2018,60,1.11,Grumes,135
2018,73,1.11,Grumes,180
2018,NR11,1.11,Grumes,91
2018,NR28,1.11,Grumes,539
2018,77,1.11,Grumes,53
2018,32,1.11,Grumes,58
2018,13,1.11,Grumes,4
2018,23,1.11,Grumes,389
2018,36,1.11,Grumes,88
2018,24,1.11,Grumes,274
2018,70,1.11,Grumes,468
2018,57,1.11,Grumes,310
2018,59,1.11,Grumes,75
2018,12,1.11,Grumes,165
2018,30,1.11,Grumes,30
2018,34,1.11,Grumes,129
2018,05,1.11,Grumes,67
2018,46,1.11,Grumes,39
2018,16,1.11,Grumes,81
2018,87,1.11,Grumes,228
2018,51,1.11,Grumes,113
2018,53,1.11,Grumes,63
2018,72,1.11,Grumes,239
2018,82,1.11,Grumes,46
2018,2B,1.11,Grumes,2
2018,85,1.11,Grumes,40
2018,NR53,1.11,Grumes,666
2018,37,1.11,Grumes,186
2018,01,1.11,Grumes,277
2018,33,1.11,Grumes,1316
2018,03,1.11,Grumes,269
2018,38,1.11,Grumes,208
2018,47,1.11,Grumes,307
2018,07,1.11,Grumes,154
2018,45,1.11,Grumes,129
2018,25,1.11,Grumes,677
2018,74,1.11,Grumes,196
2018,26,1.11,Grumes,41
2018,NR93,1.11,Grumes,126
2018,94,1.11,Grumes,0
2018,10,1.11,Grumes,198
2018,42,1.11,Grumes,429
2018,66,1.11,Grumes,7
2018,84,1.11,Grumes,3
2018,76,1.11,Grumes,175
2018,2A,1.11,Grumes,3
2018,NR84,1.11,Grumes,3968
2018,69,1.11,Grumes,334
2018,80,1.11,Grumes,42
2018,NR32,1.11,Grumes,506
2018,NR44,1.11,Grumes,3091
2018,NR27,1.11,Grumes,2975
2018,79,1.11,Grumes,77
2018,89,1.11,Grumes,174
2018,19,1.11,Grumes,626
2018,11,1.11,Grumes,158
2018,02,1.11,Grumes,194
2018,67,1.11,Grumes,457
2018,29,1.11,Grumes,222
2018,14,1.11,Grumes,36
2018,NR52,1.11,Grumes,590
2018,09,1.11,Grumes,63
2018,88,1.11,Grumes,813
2018,56,1.11,Grumes,139
2018,NR75,1.11,Grumes,5194
2018,NR94,1.11,Grumes,5
2018,54,1.11,Grumes,154
2018,39,1.11,Grumes,470
2018,49,1.11,Grumes,182
2018,52,1.11,Grumes,201
2018,92,1.11,Grumes,1
2018,50,1.11,Grumes,21
2018,65,1.11,Grumes,83
2018,93,1.11,Grumes,0
2018,86,1.11,Grumes,135
2018,90,1.11,Grumes,72
2018,METRO,1.11,Grumes,20042
2018,91,1.11,Grumes,7
2018,35,1.11,Grumes,100
2018,71,1.11,Grumes,431
2018,06,1.11,Grumes,15
2018,48,1.11,Grumes,244
2018,41,1.11,Grumes,156
2018,15,1.11,Grumes,181
2018,04,1.11,Grumes,34
2018,58,1.11,Grumes,436
2018,NR84,1.12,Bois d'industrie,583
2018,NR28,1.12,Bois d'industrie,261
2018,89,1.12,Bois d'industrie,119
2018,04,1.12,Bois d'industrie,80
2018,78,1.12,Bois d'industrie,12
2018,47,1.12,Bois d'industrie,136
2018,40,1.12,Bois d'industrie,1072
2018,31,1.12,Bois d'industrie,57
2018,NR93,1.12,Bois d'industrie,247
2018,24,1.12,Bois d'industrie,327
2018,33,1.12,Bois d'industrie,1148
2018,68,1.12,Bois d'industrie,86
2018,39,1.12,Bois d'industrie,137
2018,74,1.12,Bois d'industrie,7
2018,METRO,1.12,Bois d'industrie,10340
2018,36,1.12,Bois d'industrie,89
2018,NR11,1.12,Bois d'industrie,51
2018,12,1.12,Bois d'industrie,83
2018,60,1.12,Bois d'industrie,23
2018,32,1.12,Bois d'industrie,51
2018,13,1.12,Bois d'industrie,32
2018,29,1.12,Bois d'industrie,34
2018,NR75,1.12,Bois d'industrie,3868
2018,73,1.12,Bois d'industrie,7
2018,06,1.12,Bois d'industrie,13
2018,22,1.12,Bois d'industrie,31
2018,25,1.12,Bois d'industrie,186
2018,63,1.12,Bois d'industrie,145
2018,55,1.12,Bois d'industrie,477
2018,NR24,1.12,Bois d'industrie,630
2018,56,1.12,Bois d'industrie,47
2018,19,1.12,Bois d'industrie,433
2018,NR52,1.12,Bois d'industrie,191
2018,81,1.12,Bois d'industrie,185
2018,72,1.12,Bois d'industrie,78
2018,NR53,1.12,Bois d'industrie,134
2018,57,1.12,Bois d'industrie,223
2018,02,1.12,Bois d'industrie,101
2018,23,1.12,Bois d'industrie,200
2018,30,1.12,Bois d'industrie,23
2018,07,1.12,Bois d'industrie,49
2018,03,1.12,Bois d'industrie,35
2018,82,1.12,Bois d'industrie,55
2018,92,1.12,Bois d'industrie,1
2018,41,1.12,Bois d'industrie,160
2018,84,1.12,Bois d'industrie,36
2018,10,1.12,Bois d'industrie,137
2018,42,1.12,Bois d'industrie,34
2018,14,1.12,Bois d'industrie,14
2018,76,1.12,Bois d'industrie,86
2018,18,1.12,Bois d'industrie,163
2018,85,1.12,Bois d'industrie,10
2018,NR32,1.12,Bois d'industrie,170
2018,37,1.12,Bois d'industrie,96
2018,90,1.12,Bois d'industrie,7
2018,01,1.12,Bois d'industrie,34
2018,67,1.12,Bois d'industrie,149
2018,77,1.12,Bois d'industrie,20
2018,58,1.12,Bois d'industrie,163
2018,87,1.12,Bois d'industrie,274
2018,95,1.12,Bois d'industrie,17
2018,38,1.12,Bois d'industrie,42
2018,86,1.12,Bois d'industrie,54
2018,83,1.12,Bois d'industrie,60
2018,NR76,1.12,Bois d'industrie,862
2018,28,1.12,Bois d'industrie,10
2018,43,1.12,Bois d'industrie,78
2018,11,1.12,Bois d'industrie,69
2018,69,1.12,Bois d'industrie,35
2018,50,1.12,Bois d'industrie,5
2018,59,1.12,Bois d'industrie,32
2018,65,1.12,Bois d'industrie,63
2018,35,1.12,Bois d'industrie,22
2018,17,1.12,Bois d'industrie,66
2018,15,1.12,Bois d'industrie,84
2018,08,1.12,Bois d'industrie,353
2018,54,1.12,Bois d'industrie,131
2018,16,1.12,Bois d'industrie,73
2018,NR44,1.12,Bois d'industrie,2240
2018,70,1.12,Bois d'industrie,162
2018,66,1.12,Bois d'industrie,9
2018,80,1.12,Bois d'industrie,10
2018,71,1.12,Bois d'industrie,72
2018,91,1.12,Bois d'industrie,2
2018,79,1.12,Bois d'industrie,28
2018,62,1.12,Bois d'industrie,3
2018,48,1.12,Bois d'industrie,106
2018,27,1.12,Bois d'industrie,72
2018,44,1.12,Bois d'industrie,15
2018,21,1.12,Bois d'industrie,257
2018,09,1.12,Bois d'industrie,68
2018,88,1.12,Bois d'industrie,251
2018,49,1.12,Bois d'industrie,58
2018,NR27,1.12,Bois d'industrie,1102
2018,05,1.12,Bois d'industrie,26
2018,52,1.12,Bois d'industrie,274
2018,46,1.12,Bois d'industrie,42
2018,64,1.12,Bois d'industrie,56
2018,53,1.12,Bois d'industrie,30
2018,61,1.12,Bois d'industrie,85
2018,45,1.12,Bois d'industrie,113
2018,51,1.12,Bois d'industrie,160
2018,26,1.12,Bois d'industrie,33
2018,34,1.12,Bois d'industrie,50
2018,36,1.13,Bois énergie,108
2018,38,1.13,Bois énergie,204
2018,21,1.13,Bois énergie,116
2018,83,1.13,Bois énergie,170
2018,44,1.13,Bois énergie,45
2018,14,1.13,Bois énergie,31
2018,74,1.13,Bois énergie,23
2018,89,1.13,Bois énergie,96
2018,68,1.13,Bois énergie,174
2018,11,1.13,Bois énergie,24
2018,84,1.13,Bois énergie,70
2018,91,1.13,Bois énergie,32
2018,58,1.13,Bois énergie,174
2018,15,1.13,Bois énergie,50
2018,03,1.13,Bois énergie,119
2018,55,1.13,Bois énergie,307
2018,10,1.13,Bois énergie,91
2018,35,1.13,Bois énergie,72
2018,41,1.13,Bois énergie,139
2018,40,1.13,Bois énergie,197
2018,63,1.13,Bois énergie,139
2018,05,1.13,Bois énergie,39
2018,59,1.13,Bois énergie,150
2018,NR27,1.13,Bois énergie,828
2018,19,1.13,Bois énergie,99
2018,2A,1.13,Bois énergie,3
2018,17,1.13,Bois énergie,23
2018,04,1.13,Bois énergie,102
2018,01,1.13,Bois énergie,70
2018,86,1.13,Bois énergie,81
2018,57,1.13,Bois énergie,340
2018,23,1.13,Bois énergie,77
2018,61,1.13,Bois énergie,143
2018,46,1.13,Bois énergie,24
2018,56,1.13,Bois énergie,56
2018,90,1.13,Bois énergie,14
2018,NR24,1.13,Bois énergie,652
2018,NR32,1.13,Bois énergie,638
2018,16,1.13,Bois énergie,68
2018,73,1.13,Bois énergie,46
2018,60,1.13,Bois énergie,172
2018,METRO,1.13,Bois énergie,8512
2018,48,1.13,Bois énergie,59
2018,53,1.13,Bois énergie,51
2018,02,1.13,Bois énergie,209
2018,82,1.13,Bois énergie,11
2018,54,1.13,Bois énergie,191
2018,87,1.13,Bois énergie,81
2018,31,1.13,Bois énergie,39
2018,47,1.13,Bois énergie,32
2018,08,1.13,Bois énergie,131
2018,22,1.13,Bois énergie,55
2018,80,1.13,Bois énergie,39
2018,NR93,1.13,Bois énergie,500
2018,NR94,1.13,Bois énergie,19
2018,NR76,1.13,Bois énergie,490
2018,24,1.13,Bois énergie,148
2018,33,1.13,Bois énergie,207
2018,76,1.13,Bois énergie,111
2018,69,1.13,Bois énergie,42
2018,NR28,1.13,Bois énergie,437
2018,95,1.13,Bois énergie,12
2018,92,1.13,Bois énergie,4
2018,32,1.13,Bois énergie,53
2018,27,1.13,Bois énergie,136
2018,2B,1.13,Bois énergie,15
2018,30,1.13,Bois énergie,57
2018,28,1.13,Bois énergie,46
2018,13,1.13,Bois énergie,68
2018,26,1.13,Bois énergie,92
2018,71,1.13,Bois énergie,129
2018,NR53,1.13,Bois énergie,217
2018,51,1.13,Bois énergie,202
2018,85,1.13,Bois énergie,32
2018,88,1.13,Bois énergie,381
2018,NR11,1.13,Bois énergie,166
2018,39,1.13,Bois énergie,101
2018,50,1.13,Bois énergie,16
2018,NR75,1.13,Bois énergie,1116
2018,65,1.13,Bois énergie,25
2018,93,1.13,Bois énergie,0
2018,07,1.13,Bois énergie,37
2018,09,1.13,Bois énergie,41
2018,78,1.13,Bois énergie,45
2018,72,1.13,Bois énergie,82
2018,42,1.13,Bois énergie,43
2018,06,1.13,Bois énergie,51
2018,64,1.13,Bois énergie,48
2018,77,1.13,Bois énergie,72
2018,18,1.13,Bois énergie,92
2018,45,1.13,Bois énergie,164
2018,62,1.13,Bois énergie,68
2018,67,1.13,Bois énergie,240
2018,34,1.13,Bois énergie,34
2018,49,1.13,Bois énergie,84
2018,NR52,1.13,Bois énergie,295
2018,NR84,1.13,Bois énergie,917
2018,29,1.13,Bois énergie,35
2018,66,1.13,Bois énergie,7
2018,37,1.13,Bois énergie,103
2018,81,1.13,Bois énergie,80
2018,52,1.13,Bois énergie,180
2018,75,1.13,Bois énergie,0
2018,43,1.13,Bois énergie,52
2018,NR44,1.13,Bois énergie,2238
2018,70,1.13,Bois énergie,113
2018,12,1.13,Bois énergie,36
2018,79,1.13,Bois énergie,56
2018,25,1.13,Bois énergie,85
2019,09,1,Récolte de bois,172
2019,60,1,Récolte de bois,329
2019,01,1,Récolte de bois,370
2019,62,1,Récolte de bois,101
2019,NR44,1,Récolte de bois,7519
2019,38,1,Récolte de bois,467
2019,METRO,1,Récolte de bois,38152
2019,51,1,Récolte de bois,542
2019,54,1,Récolte de bois,459
2019,NR11,1,Récolte de bois,283
2019,75,1,Récolte de bois,1
2019,77,1,Récolte de bois,142
2019,91,1,Récolte de bois,21
2019,88,1,Récolte de bois,1410
2019,94,1,Récolte de bois,0
2019,NR24,1,Récolte de bois,2019
2019,07,1,Récolte de bois,277
2019,28,1,Récolte de bois,110
2019,72,1,Récolte de bois,380
2019,36,1,Récolte de bois,269
2019,34,1,Récolte de bois,201
2019,37,1,Récolte de bois,409
2019,13,1,Récolte de bois,90
2019,41,1,Récolte de bois,464
2019,64,1,Récolte de bois,199
2019,21,1,Récolte de bois,590
2019,86,1,Récolte de bois,278
2019,58,1,Récolte de bois,782
2019,71,1,Récolte de bois,652
2019,NR93,1,Récolte de bois,857
2019,89,1,Récolte de bois,393
2019,32,1,Récolte de bois,144
2019,40,1,Récolte de bois,2685
2019,23,1,Récolte de bois,698
2019,70,1,Récolte de bois,864
2019,47,1,Récolte de bois,491
2019,84,1,Récolte de bois,102
2019,63,1,Récolte de bois,1276
2019,27,1,Récolte de bois,304
2019,50,1,Récolte de bois,31
2019,61,1,Récolte de bois,380
2019,24,1,Récolte de bois,811
2019,76,1,Récolte de bois,390
2019,05,1,Récolte de bois,174
2019,NR32,1,Récolte de bois,1263
2019,02,1,Récolte de bois,496
2019,48,1,Récolte de bois,437
2019,59,1,Récolte de bois,210
2019,NR52,1,Récolte de bois,1047
2019,33,1,Récolte de bois,2551
2019,19,1,Récolte de bois,1243
2019,80,1,Récolte de bois,127
2019,83,1,Récolte de bois,189
2019,85,1,Récolte de bois,100
2019,46,1,Récolte de bois,93
2019,52,1,Récolte de bois,642
2019,06,1,Récolte de bois,49
2019,55,1,Récolte de bois,1079
2019,66,1,Récolte de bois,30
2019,67,1,Récolte de bois,809
2019,81,1,Récolte de bois,592
2019,68,1,Récolte de bois,712
2019,44,1,Récolte de bois,107
2019,49,1,Récolte de bois,319
2019,18,1,Récolte de bois,407
2019,26,1,Récolte de bois,146
2019,NR53,1,Récolte de bois,906
2019,NR27,1,Récolte de bois,5029
2019,56,1,Récolte de bois,255
2019,16,1,Récolte de bois,228
2019,90,1,Récolte de bois,56
2019,2A,1,Récolte de bois,9
2019,42,1,Récolte de bois,503
2019,14,1,Récolte de bois,79
2019,43,1,Récolte de bois,607
2019,22,1,Récolte de bois,266
2019,69,1,Récolte de bois,393
2019,87,1,Récolte de bois,560
2019,04,1,Récolte de bois,253
2019,25,1,Récolte de bois,970
2019,30,1,Récolte de bois,132
2019,31,1,Récolte de bois,155
2019,08,1,Récolte de bois,653
2019,NR28,1,Récolte de bois,1184
2019,2B,1,Récolte de bois,4
2019,74,1,Récolte de bois,225
2019,45,1,Récolte de bois,359
2019,65,1,Récolte de bois,171
2019,57,1,Récolte de bois,793
2019,78,1,Récolte de bois,69
2019,NR76,1,Récolte de bois,2720
2019,NR84,1,Récolte de bois,5177
2019,NR94,1,Récolte de bois,14
2019,95,1,Récolte de bois,45
2019,03,1,Récolte de bois,381
2019,12,1,Récolte de bois,287
2019,39,1,Récolte de bois,723
2019,53,1,Récolte de bois,141
2019,29,1,Récolte de bois,197
2019,10,1,Récolte de bois,421
2019,73,1,Récolte de bois,217
2019,82,1,Récolte de bois,73
2019,92,1,Récolte de bois,5
2019,79,1,Récolte de bois,161
2019,NR75,1,Récolte de bois,10134
2019,35,1,Récolte de bois,188
2019,17,1,Récolte de bois,230
2019,15,1,Récolte de bois,315
2019,11,1,Récolte de bois,232
2019,49,1.11,Grumes,160
2019,07,1.11,Grumes,197
2019,90,1.11,Grumes,39
2019,35,1.11,Grumes,98
2019,25,1.11,Grumes,701
2019,60,1.11,Grumes,134
2019,NR75,1.11,Grumes,4845
2019,88,1.11,Grumes,791
2019,05,1.11,Grumes,67
2019,21,1.11,Grumes,196
2019,NR94,1.11,Grumes,8
2019,77,1.11,Grumes,55
2019,NR76,1.11,Grumes,1383
2019,10,1.11,Grumes,201
2019,78,1.11,Grumes,26
2019,02,1.11,Grumes,198
2019,95,1.11,Grumes,9
2019,NR28,1.11,Grumes,521
2019,47,1.11,Grumes,290
2019,16,1.11,Grumes,87
2019,NR24,1.11,Grumes,719
2019,62,1.11,Grumes,48
2019,NR93,1.11,Grumes,150
2019,61,1.11,Grumes,179
2019,03,1.11,Grumes,263
2019,76,1.11,Grumes,171
2019,23,1.11,Grumes,408
2019,37,1.11,Grumes,189
2019,24,1.11,Grumes,325
2019,NR52,1.11,Grumes,572
2019,33,1.11,Grumes,1096
2019,09,1.11,Grumes,71
2019,91,1.11,Grumes,9
2019,52,1.11,Grumes,183
2019,56,1.11,Grumes,138
2019,81,1.11,Grumes,332
2019,METRO,1.11,Grumes,19558
2019,55,1.11,Grumes,321
2019,17,1.11,Grumes,136
2019,68,1.11,Grumes,431
2019,65,1.11,Grumes,81
2019,59,1.11,Grumes,77
2019,38,1.11,Grumes,225
2019,73,1.11,Grumes,176
2019,54,1.11,Grumes,160
2019,94,1.11,Grumes,0
2019,13,1.11,Grumes,2
2019,31,1.11,Grumes,58
2019,01,1.11,Grumes,258
2019,85,1.11,Grumes,52
2019,12,1.11,Grumes,150
2019,NR53,1.11,Grumes,543
2019,22,1.11,Grumes,182
2019,NR32,1.11,Grumes,517
2019,29,1.11,Grumes,125
2019,70,1.11,Grumes,548
2019,26,1.11,Grumes,47
2019,74,1.11,Grumes,196
2019,28,1.11,Grumes,56
2019,11,1.11,Grumes,158
2019,NR84,1.11,Grumes,3859
2019,18,1.11,Grumes,135
2019,84,1.11,Grumes,3
2019,48,1.11,Grumes,220
2019,NR11,1.11,Grumes,100
2019,36,1.11,Grumes,95
2019,08,1.11,Grumes,260
2019,45,1.11,Grumes,105
2019,42,1.11,Grumes,421
2019,NR27,1.11,Grumes,3107
2019,80,1.11,Grumes,58
2019,06,1.11,Grumes,12
2019,34,1.11,Grumes,122
2019,46,1.11,Grumes,31
2019,57,1.11,Grumes,318
2019,NR44,1.11,Grumes,3234
2019,67,1.11,Grumes,433
2019,89,1.11,Grumes,190
2019,40,1.11,Grumes,1298
2019,63,1.11,Grumes,1063
2019,51,1.11,Grumes,137
2019,44,1.11,Grumes,44
2019,04,1.11,Grumes,59
2019,43,1.11,Grumes,509
2019,50,1.11,Grumes,16
2019,82,1.11,Grumes,24
2019,14,1.11,Grumes,34
2019,83,1.11,Grumes,6
2019,19,1.11,Grumes,715
2019,2B,1.11,Grumes,1
2019,2A,1.11,Grumes,7
2019,41,1.11,Grumes,139
2019,79,1.11,Grumes,84
2019,27,1.11,Grumes,120
2019,86,1.11,Grumes,113
2019,53,1.11,Grumes,74
2019,69,1.11,Grumes,327
2019,66,1.11,Grumes,15
2019,87,1.11,Grumes,212
2019,58,1.11,Grumes,482
2019,71,1.11,Grumes,467
2019,32,1.11,Grumes,70
2019,15,1.11,Grumes,175
2019,30,1.11,Grumes,51
2019,39,1.11,Grumes,486
2019,72,1.11,Grumes,242
2019,64,1.11,Grumes,83
2019,92,1.11,Grumes,1
2019,60,1.12,Bois d'industrie,18
2019,04,1.12,Bois d'industrie,93
2019,NR75,1.12,Bois d'industrie,4143
2019,NR76,1.12,Bois d'industrie,883
2019,69,1.12,Bois d'industrie,38
2019,12,1.12,Bois d'industrie,104
2019,52,1.12,Bois d'industrie,266
2019,METRO,1.12,Bois d'industrie,10532
2019,82,1.12,Bois d'industrie,43
2019,06,1.12,Bois d'industrie,7
2019,95,1.12,Bois d'industrie,20
2019,25,1.12,Bois d'industrie,177
2019,NR84,1.12,Bois d'industrie,577
2019,90,1.12,Bois d'industrie,8
2019,05,1.12,Bois d'industrie,44
2019,44,1.12,Bois d'industrie,14
2019,NR28,1.12,Bois d'industrie,227
2019,47,1.12,Bois d'industrie,164
2019,49,1.12,Bois d'industrie,70
2019,15,1.12,Bois d'industrie,81
2019,63,1.12,Bois d'industrie,138
2019,09,1.12,Bois d'industrie,66
2019,16,1.12,Bois d'industrie,82
2019,36,1.12,Bois d'industrie,109
2019,37,1.12,Bois d'industrie,107
2019,80,1.12,Bois d'industrie,19
2019,41,1.12,Bois d'industrie,150
2019,33,1.12,Bois d'industrie,1245
2019,73,1.12,Bois d'industrie,6
2019,35,1.12,Bois d'industrie,25
2019,56,1.12,Bois d'industrie,53
2019,10,1.12,Bois d'industrie,130
2019,NR27,1.12,Bois d'industrie,1132
2019,43,1.12,Bois d'industrie,72
2019,38,1.12,Bois d'industrie,43
2019,32,1.12,Bois d'industrie,52
2019,01,1.12,Bois d'industrie,35
2019,19,1.12,Bois d'industrie,446
2019,NR44,1.12,Bois d'industrie,2147
2019,77,1.12,Bois d'industrie,15
2019,08,1.12,Bois d'industrie,289
2019,29,1.12,Bois d'industrie,19
2019,NR32,1.12,Bois d'industrie,142
2019,88,1.12,Bois d'industrie,243
2019,78,1.12,Bois d'industrie,2
2019,11,1.12,Bois d'industrie,53
2019,40,1.12,Bois d'industrie,1193
2019,42,1.12,Bois d'industrie,38
2019,14,1.12,Bois d'industrie,12
2019,17,1.12,Bois d'industrie,69
2019,23,1.12,Bois d'industrie,184
2019,22,1.12,Bois d'industrie,22
2019,48,1.12,Bois d'industrie,140
2019,24,1.12,Bois d'industrie,340
2019,71,1.12,Bois d'industrie,73
2019,91,1.12,Bois d'industrie,1
2019,51,1.12,Bois d'industrie,164
2019,70,1.12,Bois d'industrie,202
2019,59,1.12,Bois d'industrie,21
2019,79,1.12,Bois d'industrie,24
2019,92,1.12,Bois d'industrie,1
2019,57,1.12,Bois d'industrie,202
2019,13,1.12,Bois d'industrie,29
2019,64,1.12,Bois d'industrie,65
2019,NR24,1.12,Bois d'industrie,685
2019,83,1.12,Bois d'industrie,48
2019,75,1.12,Bois d'industrie,0
2019,46,1.12,Bois d'industrie,40
2019,02,1.12,Bois d'industrie,78
2019,39,1.12,Bois d'industrie,108
2019,55,1.12,Bois d'industrie,501
2019,27,1.12,Bois d'industrie,52
2019,54,1.12,Bois d'industrie,105
2019,62,1.12,Bois d'industrie,6
2019,21,1.12,Bois d'industrie,285
2019,76,1.12,Bois d'industrie,94
2019,07,1.12,Bois d'industrie,45
2019,61,1.12,Bois d'industrie,68
2019,50,1.12,Bois d'industrie,1
2019,65,1.12,Bois d'industrie,58
2019,NR52,1.12,Bois d'industrie,182
2019,58,1.12,Bois d'industrie,168
2019,45,1.12,Bois d'industrie,117
2019,68,1.12,Bois d'industrie,106
2019,81,1.12,Bois d'industrie,184
2019,86,1.12,Bois d'industrie,61
2019,30,1.12,Bois d'industrie,20
2019,31,1.12,Bois d'industrie,61
2019,28,1.12,Bois d'industrie,9
2019,NR11,1.12,Bois d'industrie,40
2019,03,1.12,Bois d'industrie,43
2019,26,1.12,Bois d'industrie,32
2019,NR93,1.12,Bois d'industrie,255
2019,18,1.12,Bois d'industrie,193
2019,67,1.12,Bois d'industrie,142
2019,NR53,1.12,Bois d'industrie,119
2019,85,1.12,Bois d'industrie,10
2019,53,1.12,Bois d'industrie,19
2019,87,1.12,Bois d'industrie,270
2019,66,1.12,Bois d'industrie,8
2019,74,1.12,Bois d'industrie,5
2019,34,1.12,Bois d'industrie,55
2019,89,1.12,Bois d'industrie,111
2019,84,1.12,Bois d'industrie,34
2019,72,1.12,Bois d'industrie,68
2019,NR28,1.13,Bois énergie,436
2019,49,1.13,Bois énergie,88
2019,26,1.13,Bois énergie,67
2019,86,1.13,Bois énergie,104
2019,81,1.13,Bois énergie,76
2019,METRO,1.13,Bois énergie,8061
2019,61,1.13,Bois énergie,133
2019,07,1.13,Bois énergie,35
2019,92,1.13,Bois énergie,3
2019,06,1.13,Bois énergie,30
2019,43,1.13,Bois énergie,26
2019,80,1.13,Bois énergie,50
2019,67,1.13,Bois énergie,234
2019,NR11,1.13,Bois énergie,143
2019,13,1.13,Bois énergie,58
2019,NR44,1.13,Bois énergie,2137
2019,21,1.13,Bois énergie,109
2019,NR52,1.13,Bois énergie,293
2019,35,1.13,Bois énergie,65
2019,90,1.13,Bois énergie,9
2019,42,1.13,Bois énergie,44
2019,NR24,1.13,Bois énergie,615
2019,82,1.13,Bois énergie,6
2019,04,1.13,Bois énergie,101
2019,14,1.13,Bois énergie,33
2019,27,1.13,Bois énergie,132
2019,50,1.13,Bois énergie,13
2019,36,1.13,Bois énergie,65
2019,87,1.13,Bois énergie,78
2019,24,1.13,Bois énergie,146
2019,65,1.13,Bois énergie,32
2019,11,1.13,Bois énergie,20
2019,45,1.13,Bois énergie,137
2019,70,1.13,Bois énergie,113
2019,59,1.13,Bois énergie,112
2019,12,1.13,Bois énergie,33
2019,NR27,1.13,Bois énergie,790
2019,54,1.13,Bois énergie,194
2019,01,1.13,Bois énergie,76
2019,16,1.13,Bois énergie,59
2019,NR84,1.13,Bois énergie,742
2019,19,1.13,Bois énergie,82
2019,03,1.13,Bois énergie,75
2019,71,1.13,Bois énergie,112
2019,08,1.13,Bois énergie,103
2019,73,1.13,Bois énergie,35
2019,NR32,1.13,Bois énergie,604
2019,NR76,1.13,Bois énergie,453
2019,69,1.13,Bois énergie,28
2019,40,1.13,Bois énergie,195
2019,NR75,1.13,Bois énergie,1145
2019,60,1.13,Bois énergie,176
2019,31,1.13,Bois énergie,37
2019,79,1.13,Bois énergie,53
2019,84,1.13,Bois énergie,64
2019,39,1.13,Bois énergie,130
2019,NR94,1.13,Bois énergie,6
2019,28,1.13,Bois énergie,46
2019,2A,1.13,Bois énergie,3
2019,23,1.13,Bois énergie,106
2019,76,1.13,Bois énergie,124
2019,75,1.13,Bois énergie,1
2019,48,1.13,Bois énergie,77
2019,10,1.13,Bois énergie,90
2019,29,1.13,Bois énergie,52
2019,41,1.13,Bois énergie,175
2019,02,1.13,Bois énergie,220
2019,52,1.13,Bois énergie,193
2019,44,1.13,Bois énergie,49
2019,05,1.13,Bois énergie,63
2019,47,1.13,Bois énergie,37
2019,53,1.13,Bois énergie,48
2019,62,1.13,Bois énergie,47
2019,17,1.13,Bois énergie,26
2019,18,1.13,Bois énergie,79
2019,57,1.13,Bois énergie,274
2019,83,1.13,Bois énergie,135
2019,89,1.13,Bois énergie,92
2019,85,1.13,Bois énergie,38
2019,68,1.13,Bois énergie,175
2019,37,1.13,Bois énergie,113
2019,33,1.13,Bois énergie,210
2019,09,1.13,Bois énergie,36
2019,NR93,1.13,Bois énergie,452
2019,91,1.13,Bois énergie,11
2019,25,1.13,Bois énergie,92
2019,64,1.13,Bois énergie,51
2019,63,1.13,Bois énergie,75
2019,46,1.13,Bois énergie,22
2019,88,1.13,Bois énergie,376
2019,78,1.13,Bois énergie,41
2019,95,1.13,Bois énergie,16
2019,74,1.13,Bois énergie,23
2019,51,1.13,Bois énergie,241
2019,15,1.13,Bois énergie,58
2019,72,1.13,Bois énergie,70
2019,22,1.13,Bois énergie,63
2019,58,1.13,Bois énergie,132
2019,56,1.13,Bois énergie,63
2019,32,1.13,Bois énergie,22
2019,34,1.13,Bois énergie,25
2019,30,1.13,Bois énergie,60
2019,NR53,1.13,Bois énergie,243
2019,66,1.13,Bois énergie,7
2019,38,1.13,Bois énergie,199
2019,2B,1.13,Bois énergie,4
2019,77,1.13,Bois énergie,72
2019,55,1.13,Bois énergie,256
2020,39,1,Récolte de bois,736
2020,70,1,Récolte de bois,951
2020,02,1,Récolte de bois,481
2020,90,1,Récolte de bois,53
2020,84,1,Récolte de bois,78
2020,NR28,1,Récolte de bois,1224
2020,73,1,Récolte de bois,231
2020,27,1,Récolte de bois,300
2020,43,1,Récolte de bois,708
2020,50,1,Récolte de bois,42
2020,76,1,Récolte de bois,331
2020,NR76,1,Récolte de bois,2595
2020,59,1,Récolte de bois,205
2020,62,1,Récolte de bois,103
2020,NR44,1,Récolte de bois,7159
2020,04,1,Récolte de bois,197
2020,08,1,Récolte de bois,586
2020,10,1,Récolte de bois,377
2020,03,1,Récolte de bois,344
2020,54,1,Récolte de bois,388
2020,66,1,Récolte de bois,28
2020,55,1,Récolte de bois,1245
2020,75,1,Récolte de bois,1
2020,82,1,Récolte de bois,69
2020,67,1,Récolte de bois,662
2020,68,1,Récolte de bois,580
2020,88,1,Récolte de bois,1406
2020,NR52,1,Récolte de bois,1005
2020,44,1,Récolte de bois,111
2020,49,1,Récolte de bois,290
2020,53,1,Récolte de bois,131
2020,26,1,Récolte de bois,163
2020,72,1,Récolte de bois,400
2020,36,1,Récolte de bois,269
2020,21,1,Récolte de bois,584
2020,NR53,1,Récolte de bois,840
2020,48,1,Récolte de bois,463
2020,63,1,Récolte de bois,1245
2020,35,1,Récolte de bois,197
2020,56,1,Récolte de bois,224
2020,NR75,1,Récolte de bois,9058
2020,09,1,Récolte de bois,179
2020,16,1,Récolte de bois,212
2020,19,1,Récolte de bois,1202
2020,23,1,Récolte de bois,583
2020,24,1,Récolte de bois,737
2020,40,1,Récolte de bois,2304
2020,47,1,Récolte de bois,415
2020,14,1,Récolte de bois,105
2020,64,1,Récolte de bois,217
2020,79,1,Récolte de bois,153
2020,61,1,Récolte de bois,446
2020,87,1,Récolte de bois,564
2020,11,1,Récolte de bois,207
2020,60,1,Récolte de bois,324
2020,30,1,Récolte de bois,121
2020,81,1,Récolte de bois,535
2020,15,1,Récolte de bois,328
2020,28,1,Récolte de bois,148
2020,METRO,1,Récolte de bois,36620
2020,46,1,Récolte de bois,83
2020,57,1,Récolte de bois,746
2020,NR84,1,Récolte de bois,5138
2020,94,1,Récolte de bois,1
2020,95,1,Récolte de bois,43
2020,NR24,1,Récolte de bois,2023
2020,NR94,1,Récolte de bois,18
2020,33,1,Récolte de bois,2214
2020,37,1,Récolte de bois,390
2020,45,1,Récolte de bois,360
2020,29,1,Récolte de bois,159
2020,NR27,1,Récolte de bois,5384
2020,77,1,Récolte de bois,124
2020,71,1,Récolte de bois,692
2020,89,1,Récolte de bois,454
2020,05,1,Récolte de bois,129
2020,25,1,Récolte de bois,1064
2020,01,1,Récolte de bois,368
2020,2B,1,Récolte de bois,12
2020,78,1,Récolte de bois,94
2020,22,1,Récolte de bois,261
2020,65,1,Récolte de bois,175
2020,32,1,Récolte de bois,140
2020,69,1,Récolte de bois,374
2020,74,1,Récolte de bois,190
2020,91,1,Récolte de bois,25
2020,92,1,Récolte de bois,6
2020,12,1,Récolte de bois,287
2020,07,1,Récolte de bois,294
2020,2A,1,Récolte de bois,7
2020,06,1,Récolte de bois,17
2020,18,1,Récolte de bois,388
2020,13,1,Récolte de bois,67
2020,38,1,Récolte de bois,407
2020,42,1,Récolte de bois,488
2020,51,1,Récolte de bois,538
2020,85,1,Récolte de bois,74
2020,41,1,Récolte de bois,467
2020,58,1,Récolte de bois,850
2020,52,1,Récolte de bois,633
2020,NR11,1,Récolte de bois,294
2020,86,1,Récolte de bois,257
2020,83,1,Récolte de bois,150
2020,17,1,Récolte de bois,200
2020,NR93,1,Récolte de bois,638
2020,31,1,Récolte de bois,140
2020,NR32,1,Récolte de bois,1243
2020,34,1,Récolte de bois,169
2020,80,1,Récolte de bois,129
2020,81,1.11,Grumes,275
2020,05,1.11,Grumes,38
2020,63,1.11,Grumes,1037
2020,76,1.11,Grumes,128
2020,75,1.11,Grumes,0
2020,30,1.11,Grumes,30
2020,85,1.11,Grumes,43
2020,NR44,1.11,Grumes,3194
2020,22,1.11,Grumes,174
2020,44,1.11,Grumes,57
2020,12,1.11,Grumes,162
2020,56,1.11,Grumes,112
2020,25,1.11,Grumes,743
2020,NR84,1.11,Grumes,3745
2020,73,1.11,Grumes,184
2020,24,1.11,Grumes,265
2020,19,1.11,Grumes,644
2020,88,1.11,Grumes,874
2020,03,1.11,Grumes,231
2020,2B,1.11,Grumes,6
2020,39,1.11,Grumes,481
2020,42,1.11,Grumes,416
2020,70,1.11,Grumes,627
2020,49,1.11,Grumes,163
2020,90,1.11,Grumes,34
2020,NR27,1.11,Grumes,3299
2020,METRO,1.11,Grumes,18463
2020,57,1.11,Grumes,301
2020,58,1.11,Grumes,514
2020,NR53,1.11,Grumes,504
2020,NR11,1.11,Grumes,123
2020,NR93,1.11,Grumes,84
2020,77,1.11,Grumes,49
2020,37,1.11,Grumes,175
2020,51,1.11,Grumes,155
2020,NR28,1.11,Grumes,470
2020,31,1.11,Grumes,41
2020,53,1.11,Grumes,72
2020,62,1.11,Grumes,35
2020,50,1.11,Grumes,16
2020,06,1.11,Grumes,8
2020,08,1.11,Grumes,260
2020,29,1.11,Grumes,107
2020,36,1.11,Grumes,106
2020,10,1.11,Grumes,175
2020,65,1.11,Grumes,76
2020,40,1.11,Grumes,1097
2020,91,1.11,Grumes,9
2020,52,1.11,Grumes,183
2020,16,1.11,Grumes,74
2020,01,1.11,Grumes,258
2020,64,1.11,Grumes,79
2020,18,1.11,Grumes,138
2020,NR24,1.11,Grumes,730
2020,34,1.11,Grumes,96
2020,80,1.11,Grumes,55
2020,71,1.11,Grumes,483
2020,94,1.11,Grumes,1
2020,NR52,1.11,Grumes,598
2020,21,1.11,Grumes,189
2020,84,1.11,Grumes,1
2020,48,1.11,Grumes,210
2020,54,1.11,Grumes,145
2020,32,1.11,Grumes,58
2020,74,1.11,Grumes,169
2020,NR94,1.11,Grumes,7
2020,43,1.11,Grumes,544
2020,13,1.11,Grumes,0
2020,68,1.11,Grumes,337
2020,89,1.11,Grumes,228
2020,35,1.11,Grumes,111
2020,78,1.11,Grumes,53
2020,NR75,1.11,Grumes,4081
2020,66,1.11,Grumes,14
2020,47,1.11,Grumes,238
2020,41,1.11,Grumes,147
2020,59,1.11,Grumes,39
2020,92,1.11,Grumes,1
2020,17,1.11,Grumes,96
2020,95,1.11,Grumes,10
2020,61,1.11,Grumes,170
2020,86,1.11,Grumes,101
2020,67,1.11,Grumes,355
2020,46,1.11,Grumes,28
2020,04,1.11,Grumes,33
2020,28,1.11,Grumes,62
2020,26,1.11,Grumes,32
2020,38,1.11,Grumes,157
2020,60,1.11,Grumes,101
2020,45,1.11,Grumes,103
2020,55,1.11,Grumes,409
2020,15,1.11,Grumes,184
2020,09,1.11,Grumes,68
2020,27,1.11,Grumes,116
2020,23,1.11,Grumes,365
2020,87,1.11,Grumes,207
2020,11,1.11,Grumes,129
2020,NR76,1.11,Grumes,1212
2020,83,1.11,Grumes,4
2020,69,1.11,Grumes,324
2020,2A,1.11,Grumes,1
2020,82,1.11,Grumes,26
2020,02,1.11,Grumes,185
2020,72,1.11,Grumes,263
2020,79,1.11,Grumes,62
2020,NR32,1.11,Grumes,415
2020,07,1.11,Grumes,208
2020,33,1.11,Grumes,853
2020,14,1.11,Grumes,40
2020,67,1.12,Bois d'industrie,112
2020,25,1.12,Bois d'industrie,183
2020,23,1.12,Bois d'industrie,148
2020,65,1.12,Bois d'industrie,60
2020,27,1.12,Bois d'industrie,40
2020,15,1.12,Bois d'industrie,83
2020,34,1.12,Bois d'industrie,51
2020,06,1.12,Bois d'industrie,3
2020,86,1.12,Bois d'industrie,45
2020,54,1.12,Bois d'industrie,108
2020,NR32,1.12,Bois d'industrie,176
2020,89,1.12,Bois d'industrie,145
2020,57,1.12,Bois d'industrie,205
2020,NR28,1.12,Bois d'industrie,205
2020,52,1.12,Bois d'industrie,274
2020,10,1.12,Bois d'industrie,125
2020,83,1.12,Bois d'industrie,50
2020,62,1.12,Bois d'industrie,1
2020,NR11,1.12,Bois d'industrie,55
2020,36,1.12,Bois d'industrie,101
2020,33,1.12,Bois d'industrie,1155
2020,37,1.12,Bois d'industrie,83
2020,08,1.12,Bois d'industrie,237
2020,47,1.12,Bois d'industrie,141
2020,22,1.12,Bois d'industrie,15
2020,07,1.12,Bois d'industrie,42
2020,85,1.12,Bois d'industrie,9
2020,19,1.12,Bois d'industrie,454
2020,73,1.12,Bois d'industrie,3
2020,11,1.12,Bois d'industrie,59
2020,39,1.12,Bois d'industrie,80
2020,66,1.12,Bois d'industrie,8
2020,05,1.12,Bois d'industrie,54
2020,69,1.12,Bois d'industrie,22
2020,50,1.12,Bois d'industrie,1
2020,44,1.12,Bois d'industrie,14
2020,64,1.12,Bois d'industrie,75
2020,58,1.12,Bois d'industrie,183
2020,45,1.12,Bois d'industrie,128
2020,40,1.12,Bois d'industrie,997
2020,24,1.12,Bois d'industrie,316
2020,74,1.12,Bois d'industrie,1
2020,80,1.12,Bois d'industrie,10
2020,NR84,1.12,Bois d'industrie,543
2020,21,1.12,Bois d'industrie,292
2020,71,1.12,Bois d'industrie,93
2020,38,1.12,Bois d'industrie,46
2020,55,1.12,Bois d'industrie,566
2020,NR76,1.12,Bois d'industrie,908
2020,68,1.12,Bois d'industrie,89
2020,29,1.12,Bois d'industrie,10
2020,28,1.12,Bois d'industrie,14
2020,02,1.12,Bois d'industrie,79
2020,43,1.12,Bois d'industrie,92
2020,41,1.12,Bois d'industrie,152
2020,84,1.12,Bois d'industrie,20
2020,49,1.12,Bois d'industrie,43
2020,78,1.12,Bois d'industrie,2
2020,72,1.12,Bois d'industrie,55
2020,87,1.12,Bois d'industrie,263
2020,79,1.12,Bois d'industrie,30
2020,32,1.12,Bois d'industrie,54
2020,04,1.12,Bois d'industrie,77
2020,61,1.12,Bois d'industrie,90
2020,48,1.12,Bois d'industrie,155
2020,42,1.12,Bois d'industrie,30
2020,88,1.12,Bois d'industrie,222
2020,46,1.12,Bois d'industrie,36
2020,51,1.12,Bois d'industrie,149
2020,30,1.12,Bois d'industrie,37
2020,81,1.12,Bois d'industrie,186
2020,31,1.12,Bois d'industrie,67
2020,03,1.12,Bois d'industrie,30
2020,63,1.12,Bois d'industrie,123
2020,NR75,1.12,Bois d'industrie,3800
2020,14,1.12,Bois d'industrie,11
2020,95,1.12,Bois d'industrie,19
2020,91,1.12,Bois d'industrie,2
2020,01,1.12,Bois d'industrie,24
2020,12,1.12,Bois d'industrie,96
2020,77,1.12,Bois d'industrie,32
2020,90,1.12,Bois d'industrie,5
2020,17,1.12,Bois d'industrie,88
2020,NR52,1.12,Bois d'industrie,136
2020,NR44,1.12,Bois d'industrie,2086
2020,METRO,1.12,Bois d'industrie,10022
2020,09,1.12,Bois d'industrie,71
2020,NR53,1.12,Bois d'industrie,84
2020,56,1.12,Bois d'industrie,41
2020,92,1.12,Bois d'industrie,1
2020,13,1.12,Bois d'industrie,19
2020,NR27,1.12,Bois d'industrie,1155
2020,18,1.12,Bois d'industrie,173
2020,76,1.12,Bois d'industrie,64
2020,53,1.12,Bois d'industrie,16
2020,26,1.12,Bois d'industrie,46
2020,NR93,1.12,Bois d'industrie,222
2020,59,1.12,Bois d'industrie,22
2020,70,1.12,Bois d'industrie,175
2020,35,1.12,Bois d'industrie,18
2020,16,1.12,Bois d'industrie,89
2020,60,1.12,Bois d'industrie,62
2020,NR24,1.12,Bois d'industrie,651
2020,82,1.12,Bois d'industrie,28
2020,75,1.13,Bois énergie,1
2020,NR52,1.13,Bois énergie,270
2020,02,1.13,Bois énergie,217
2020,35,1.13,Bois énergie,67
2020,15,1.13,Bois énergie,61
2020,33,1.13,Bois énergie,206
2020,05,1.13,Bois énergie,38
2020,29,1.13,Bois énergie,42
2020,31,1.13,Bois énergie,33
2020,23,1.13,Bois énergie,71
2020,61,1.13,Bois énergie,186
2020,54,1.13,Bois énergie,135
2020,41,1.13,Bois énergie,167
2020,21,1.13,Bois énergie,104
2020,78,1.13,Bois énergie,39
2020,45,1.13,Bois énergie,129
2020,10,1.13,Bois énergie,77
2020,NR53,1.13,Bois énergie,252
2020,2A,1.13,Bois énergie,6
2020,NR94,1.13,Bois énergie,11
2020,70,1.13,Bois énergie,149
2020,09,1.13,Bois énergie,39
2020,76,1.13,Bois énergie,139
2020,77,1.13,Bois énergie,44
2020,26,1.13,Bois énergie,85
2020,04,1.13,Bois énergie,87
2020,2B,1.13,Bois énergie,5
2020,44,1.13,Bois énergie,39
2020,30,1.13,Bois énergie,54
2020,94,1.13,Bois énergie,1
2020,72,1.13,Bois énergie,82
2020,62,1.13,Bois énergie,67
2020,67,1.13,Bois énergie,195
2020,07,1.13,Bois énergie,43
2020,03,1.13,Bois énergie,83
2020,28,1.13,Bois énergie,73
2020,08,1.13,Bois énergie,89
2020,48,1.13,Bois énergie,97
2020,40,1.13,Bois énergie,211
2020,25,1.13,Bois énergie,139
2020,37,1.13,Bois énergie,132
2020,51,1.13,Bois énergie,234
2020,47,1.13,Bois énergie,35
2020,52,1.13,Bois énergie,176
2020,49,1.13,Bois énergie,84
2020,06,1.13,Bois énergie,6
2020,81,1.13,Bois énergie,74
2020,55,1.13,Bois énergie,270
2020,32,1.13,Bois énergie,28
2020,14,1.13,Bois énergie,54
2020,57,1.13,Bois énergie,240
2020,63,1.13,Bois énergie,84
2020,18,1.13,Bois énergie,78
2020,NR76,1.13,Bois énergie,474
2020,74,1.13,Bois énergie,21
2020,36,1.13,Bois énergie,63
2020,65,1.13,Bois énergie,39
2020,12,1.13,Bois énergie,29
2020,39,1.13,Bois énergie,174
2020,27,1.13,Bois énergie,144
2020,METRO,1.13,Bois énergie,8135
2020,69,1.13,Bois énergie,28
2020,NR27,1.13,Bois énergie,930
2020,85,1.13,Bois énergie,22
2020,84,1.13,Bois énergie,56
2020,87,1.13,Bois énergie,94
2020,NR44,1.13,Bois énergie,1879
2020,NR11,1.13,Bois énergie,116
2020,89,1.13,Bois énergie,81
2020,NR32,1.13,Bois énergie,653
2020,11,1.13,Bois énergie,19
2020,01,1.13,Bois énergie,85
2020,66,1.13,Bois énergie,6
2020,50,1.13,Bois énergie,25
2020,38,1.13,Bois énergie,203
2020,17,1.13,Bois énergie,16
2020,95,1.13,Bois énergie,14
2020,82,1.13,Bois énergie,15
2020,73,1.13,Bois énergie,44
2020,71,1.13,Bois énergie,117
2020,24,1.13,Bois énergie,155
2020,NR93,1.13,Bois énergie,332
2020,88,1.13,Bois énergie,310
2020,58,1.13,Bois énergie,153
2020,46,1.13,Bois énergie,19
2020,NR28,1.13,Bois énergie,549
2020,NR75,1.13,Bois énergie,1176
2020,64,1.13,Bois énergie,63
2020,59,1.13,Bois énergie,145
2020,53,1.13,Bois énergie,43
2020,79,1.13,Bois énergie,61
2020,86,1.13,Bois énergie,111
2020,83,1.13,Bois énergie,97
2020,68,1.13,Bois énergie,154
2020,56,1.13,Bois énergie,71
2020,80,1.13,Bois énergie,64
2020,NR24,1.13,Bois énergie,641
2020,42,1.13,Bois énergie,42
2020,13,1.13,Bois énergie,48
2020,60,1.13,Bois énergie,161
2020,90,1.13,Bois énergie,14
2020,19,1.13,Bois énergie,104
2020,92,1.13,Bois énergie,4
2020,16,1.13,Bois énergie,49
2020,34,1.13,Bois énergie,22
2020,22,1.13,Bois énergie,71
2020,43,1.13,Bois énergie,72
2020,NR84,1.13,Bois énergie,851
2020,91,1.13,Bois énergie,14
2021,METRO,1,Récolte de bois,39861
2021,51,1,Récolte de bois,579
2021,46,1,Récolte de bois,93
2021,54,1,Récolte de bois,415
2021,55,1,Récolte de bois,1121
2021,75,1,Récolte de bois,0
2021,77,1,Récolte de bois,105
2021,78,1,Récolte de bois,82
2021,67,1,Récolte de bois,812
2021,94,1,Récolte de bois,2
2021,NR52,1,Récolte de bois,1163
2021,95,1,Récolte de bois,48
2021,44,1,Récolte de bois,125
2021,NR24,1,Récolte de bois,2090
2021,18,1,Récolte de bois,373
2021,53,1,Récolte de bois,131
2021,26,1,Récolte de bois,151
2021,36,1,Récolte de bois,259
2021,38,1,Récolte de bois,538
2021,41,1,Récolte de bois,511
2021,45,1,Récolte de bois,359
2021,21,1,Récolte de bois,657
2021,06,1,Récolte de bois,16
2021,58,1,Récolte de bois,999
2021,43,1,Récolte de bois,782
2021,89,1,Récolte de bois,379
2021,17,1,Récolte de bois,229
2021,90,1,Récolte de bois,65
2021,NR28,1,Récolte de bois,1294
2021,40,1,Récolte de bois,2455
2021,27,1,Récolte de bois,316
2021,50,1,Récolte de bois,41
2021,61,1,Récolte de bois,461
2021,NR84,1,Récolte de bois,5833
2021,76,1,Récolte de bois,360
2021,02,1,Récolte de bois,620
2021,2B,1,Récolte de bois,16
2021,59,1,Récolte de bois,215
2021,NR93,1,Récolte de bois,708
2021,83,1,Récolte de bois,145
2021,84,1,Récolte de bois,87
2021,NR94,1,Récolte de bois,25
2021,80,1,Récolte de bois,157
2021,12,1,Récolte de bois,294
2021,08,1,Récolte de bois,683
2021,13,1,Récolte de bois,72
2021,10,1,Récolte de bois,434
2021,34,1,Récolte de bois,170
2021,87,1,Récolte de bois,611
2021,52,1,Récolte de bois,692
2021,2A,1,Récolte de bois,8
2021,NR11,1,Récolte de bois,268
2021,57,1,Récolte de bois,753
2021,88,1,Récolte de bois,1500
2021,09,1,Récolte de bois,181
2021,07,1,Récolte de bois,363
2021,72,1,Récolte de bois,445
2021,85,1,Récolte de bois,86
2021,42,1,Récolte de bois,524
2021,NR53,1,Récolte de bois,870
2021,22,1,Récolte de bois,220
2021,69,1,Récolte de bois,440
2021,63,1,Récolte de bois,1412
2021,35,1,Récolte de bois,224
2021,56,1,Récolte de bois,264
2021,74,1,Récolte de bois,235
2021,16,1,Récolte de bois,211
2021,60,1,Récolte de bois,393
2021,25,1,Récolte de bois,1354
2021,19,1,Récolte de bois,1177
2021,23,1,Récolte de bois,689
2021,15,1,Récolte de bois,381
2021,31,1,Récolte de bois,125
2021,32,1,Récolte de bois,146
2021,37,1,Récolte de bois,461
2021,64,1,Récolte de bois,197
2021,79,1,Récolte de bois,185
2021,92,1,Récolte de bois,10
2021,01,1,Récolte de bois,400
2021,05,1,Récolte de bois,169
2021,NR44,1,Récolte de bois,7557
2021,33,1,Récolte de bois,2418
2021,48,1,Récolte de bois,487
2021,NR27,1,Récolte de bois,6037
2021,73,1,Récolte de bois,241
2021,81,1,Récolte de bois,617
2021,82,1,Récolte de bois,91
2021,68,1,Récolte de bois,568
2021,04,1,Récolte de bois,219
2021,86,1,Récolte de bois,280
2021,62,1,Récolte de bois,128
2021,39,1,Récolte de bois,822
2021,49,1,Récolte de bois,375
2021,24,1,Récolte de bois,810
2021,28,1,Récolte de bois,126
2021,14,1,Récolte de bois,117
2021,47,1,Récolte de bois,463
2021,29,1,Récolte de bois,162
2021,11,1,Récolte de bois,228
2021,91,1,Récolte de bois,21
2021,71,1,Récolte de bois,732
2021,65,1,Récolte de bois,188
2021,30,1,Récolte de bois,133
2021,NR32,1,Récolte de bois,1512
2021,NR76,1,Récolte de bois,2778
2021,70,1,Récolte de bois,1028
2021,03,1,Récolte de bois,367
2021,NR75,1,Récolte de bois,9726
2021,66,1,Récolte de bois,24
2021,15,1.11,Grumes,219
2021,01,1.11,Grumes,309
2021,85,1.11,Grumes,51
2021,04,1.11,Grumes,36
2021,37,1.11,Grumes,217
2021,NR32,1.11,Grumes,541
2021,82,1.11,Grumes,33
2021,31,1.11,Grumes,46
2021,88,1.11,Grumes,918
2021,76,1.11,Grumes,134
2021,63,1.11,Grumes,1169
2021,28,1.11,Grumes,62
2021,06,1.11,Grumes,6
2021,55,1.11,Grumes,345
2021,NR24,1.11,Grumes,759
2021,80,1.11,Grumes,62
2021,NR44,1.11,Grumes,3311
2021,07,1.11,Grumes,289
2021,36,1.11,Grumes,97
2021,35,1.11,Grumes,119
2021,38,1.11,Grumes,237
2021,51,1.11,Grumes,179
2021,52,1.11,Grumes,218
2021,45,1.11,Grumes,98
2021,47,1.11,Grumes,258
2021,81,1.11,Grumes,376
2021,30,1.11,Grumes,35
2021,62,1.11,Grumes,58
2021,57,1.11,Grumes,309
2021,86,1.11,Grumes,122
2021,67,1.11,Grumes,414
2021,46,1.11,Grumes,30
2021,73,1.11,Grumes,188
2021,08,1.11,Grumes,277
2021,48,1.11,Grumes,228
2021,71,1.11,Grumes,540
2021,12,1.11,Grumes,162
2021,44,1.11,Grumes,50
2021,NR75,1.11,Grumes,4658
2021,49,1.11,Grumes,219
2021,METRO,1.11,Grumes,20842
2021,60,1.11,Grumes,122
2021,21,1.11,Grumes,286
2021,53,1.11,Grumes,65
2021,NR94,1.11,Grumes,6
2021,19,1.11,Grumes,679
2021,2A,1.11,Grumes,1
2021,89,1.11,Grumes,178
2021,24,1.11,Grumes,317
2021,26,1.11,Grumes,45
2021,78,1.11,Grumes,18
2021,58,1.11,Grumes,643
2021,02,1.11,Grumes,208
2021,92,1.11,Grumes,1
2021,56,1.11,Grumes,137
2021,83,1.11,Grumes,2
2021,NR84,1.11,Grumes,4402
2021,17,1.11,Grumes,120
2021,14,1.11,Grumes,47
2021,33,1.11,Grumes,1025
2021,18,1.11,Grumes,125
2021,77,1.11,Grumes,49
2021,59,1.11,Grumes,92
2021,41,1.11,Grumes,160
2021,NR52,1.11,Grumes,642
2021,70,1.11,Grumes,638
2021,64,1.11,Grumes,82
2021,NR28,1.11,Grumes,504
2021,79,1.11,Grumes,76
2021,25,1.11,Grumes,1012
2021,87,1.11,Grumes,239
2021,03,1.11,Grumes,253
2021,68,1.11,Grumes,344
2021,74,1.11,Grumes,208
2021,91,1.11,Grumes,5
2021,42,1.11,Grumes,450
2021,27,1.11,Grumes,106
2021,32,1.11,Grumes,62
2021,94,1.11,Grumes,1
2021,16,1.11,Grumes,76
2021,23,1.11,Grumes,434
2021,72,1.11,Grumes,258
2021,34,1.11,Grumes,113
2021,05,1.11,Grumes,55
2021,22,1.11,Grumes,136
2021,65,1.11,Grumes,84
2021,NR27,1.11,Grumes,3911
2021,09,1.11,Grumes,98
2021,40,1.11,Grumes,1231
2021,66,1.11,Grumes,12
2021,NR76,1.11,Grumes,1430
2021,13,1.11,Grumes,0
2021,54,1.11,Grumes,118
2021,NR11,1.11,Grumes,84
2021,43,1.11,Grumes,645
2021,2B,1.11,Grumes,5
2021,95,1.11,Grumes,10
2021,NR93,1.11,Grumes,104
2021,84,1.11,Grumes,4
2021,69,1.11,Grumes,389
2021,90,1.11,Grumes,46
2021,61,1.11,Grumes,203
2021,NR53,1.11,Grumes,490
2021,29,1.11,Grumes,98
2021,39,1.11,Grumes,568
2021,10,1.11,Grumes,190
2021,50,1.11,Grumes,14
2021,11,1.11,Grumes,151
2021,NR11,1.12,Bois d'industrie,31
2021,34,1.12,Bois d'industrie,39
2021,18,1.12,Bois d'industrie,160
2021,60,1.12,Bois d'industrie,70
2021,82,1.12,Bois d'industrie,37
2021,17,1.12,Bois d'industrie,88
2021,95,1.12,Bois d'industrie,2
2021,NR84,1.12,Bois d'industrie,555
2021,61,1.12,Bois d'industrie,72
2021,85,1.12,Bois d'industrie,11
2021,94,1.12,Bois d'industrie,1
2021,79,1.12,Bois d'industrie,29
2021,NR93,1.12,Bois d'industrie,218
2021,43,1.12,Bois d'industrie,73
2021,2A,1.12,Bois d'industrie,0
2021,NR24,1.12,Bois d'industrie,692
2021,24,1.12,Bois d'industrie,307
2021,01,1.12,Bois d'industrie,24
2021,14,1.12,Bois d'industrie,11
2021,73,1.12,Bois d'industrie,5
2021,36,1.12,Bois d'industrie,95
2021,51,1.12,Bois d'industrie,170
2021,59,1.12,Bois d'industrie,27
2021,52,1.12,Bois d'industrie,263
2021,50,1.12,Bois d'industrie,2
2021,NR27,1.12,Bois d'industrie,1180
2021,45,1.12,Bois d'industrie,134
2021,53,1.12,Bois d'industrie,14
2021,31,1.12,Bois d'industrie,53
2021,09,1.12,Bois d'industrie,49
2021,80,1.12,Bois d'industrie,16
2021,69,1.12,Bois d'industrie,26
2021,23,1.12,Bois d'industrie,168
2021,NR28,1.12,Bois d'industrie,185
2021,87,1.12,Bois d'industrie,276
2021,67,1.12,Bois d'industrie,117
2021,68,1.12,Bois d'industrie,71
2021,47,1.12,Bois d'industrie,167
2021,44,1.12,Bois d'industrie,15
2021,21,1.12,Bois d'industrie,258
2021,54,1.12,Bois d'industrie,122
2021,27,1.12,Bois d'industrie,44
2021,NR75,1.12,Bois d'industrie,3782
2021,13,1.12,Bois d'industrie,11
2021,07,1.12,Bois d'industrie,32
2021,22,1.12,Bois d'industrie,21
2021,35,1.12,Bois d'industrie,21
2021,40,1.12,Bois d'industrie,999
2021,42,1.12,Bois d'industrie,28
2021,38,1.12,Bois d'industrie,54
2021,90,1.12,Bois d'industrie,10
2021,16,1.12,Bois d'industrie,79
2021,86,1.12,Bois d'industrie,44
2021,19,1.12,Bois d'industrie,406
2021,NR94,1.12,Bois d'industrie,0
2021,NR44,1.12,Bois d'industrie,2167
2021,03,1.12,Bois d'industrie,33
2021,15,1.12,Bois d'industrie,81
2021,41,1.12,Bois d'industrie,179
2021,26,1.12,Bois d'industrie,42
2021,30,1.12,Bois d'industrie,30
2021,11,1.12,Bois d'industrie,46
2021,49,1.12,Bois d'industrie,65
2021,06,1.12,Bois d'industrie,2
2021,66,1.12,Bois d'industrie,6
2021,39,1.12,Bois d'industrie,100
2021,58,1.12,Bois d'industrie,201
2021,64,1.12,Bois d'industrie,66
2021,83,1.12,Bois d'industrie,38
2021,55,1.12,Bois d'industrie,504
2021,10,1.12,Bois d'industrie,116
2021,02,1.12,Bois d'industrie,121
2021,37,1.12,Bois d'industrie,111
2021,62,1.12,Bois d'industrie,2
2021,33,1.12,Bois d'industrie,1152
2021,NR32,1.12,Bois d'industrie,237
2021,04,1.12,Bois d'industrie,79
2021,74,1.12,Bois d'industrie,1
2021,NR52,1.12,Bois d'industrie,170
2021,57,1.12,Bois d'industrie,186
2021,65,1.12,Bois d'industrie,59
2021,METRO,1.12,Bois d'industrie,10125
2021,71,1.12,Bois d'industrie,84
2021,63,1.12,Bois d'industrie,156
2021,84,1.12,Bois d'industrie,18
2021,28,1.12,Bois d'industrie,13
2021,29,1.12,Bois d'industrie,14
2021,32,1.12,Bois d'industrie,47
2021,81,1.12,Bois d'industrie,161
2021,12,1.12,Bois d'industrie,100
2021,08,1.12,Bois d'industrie,329
2021,NR76,1.12,Bois d'industrie,802
2021,91,1.12,Bois d'industrie,2
2021,72,1.12,Bois d'industrie,66
2021,88,1.12,Bois d'industrie,288
2021,78,1.12,Bois d'industrie,6
2021,70,1.12,Bois d'industrie,209
2021,92,1.12,Bois d'industrie,1
2021,56,1.12,Bois d'industrie,49
2021,NR53,1.12,Bois d'industrie,105
2021,48,1.12,Bois d'industrie,136
2021,25,1.12,Bois d'industrie,195
2021,05,1.12,Bois d'industrie,69
2021,76,1.12,Bois d'industrie,56
2021,77,1.12,Bois d'industrie,20
2021,89,1.12,Bois d'industrie,123
2021,46,1.12,Bois d'industrie,39
2021,59,1.13,Bois énergie,95
2021,NR75,1.13,Bois énergie,1286
2021,03,1.13,Bois énergie,81
2021,11,1.13,Bois énergie,31
2021,NR28,1.13,Bois énergie,605
2021,85,1.13,Bois énergie,25
2021,36,1.13,Bois énergie,68
2021,08,1.13,Bois énergie,77
2021,50,1.13,Bois énergie,24
2021,47,1.13,Bois énergie,38
2021,14,1.13,Bois énergie,59
2021,87,1.13,Bois énergie,96
2021,16,1.13,Bois énergie,57
2021,NR44,1.13,Bois énergie,2079
2021,72,1.13,Bois énergie,121
2021,80,1.13,Bois énergie,79
2021,31,1.13,Bois énergie,26
2021,38,1.13,Bois énergie,247
2021,42,1.13,Bois énergie,45
2021,71,1.13,Bois énergie,108
2021,94,1.13,Bois énergie,1
2021,40,1.13,Bois énergie,225
2021,84,1.13,Bois énergie,65
2021,32,1.13,Bois énergie,38
2021,13,1.13,Bois énergie,60
2021,53,1.13,Bois énergie,52
2021,73,1.13,Bois énergie,48
2021,2B,1.13,Bois énergie,11
2021,22,1.13,Bois énergie,64
2021,37,1.13,Bois énergie,134
2021,33,1.13,Bois énergie,240
2021,34,1.13,Bois énergie,18
2021,39,1.13,Bois énergie,154
2021,56,1.13,Bois énergie,78
2021,02,1.13,Bois énergie,291
2021,06,1.13,Bois énergie,8
2021,49,1.13,Bois énergie,92
2021,82,1.13,Bois énergie,22
2021,17,1.13,Bois énergie,21
2021,95,1.13,Bois énergie,36
2021,19,1.13,Bois énergie,92
2021,01,1.13,Bois énergie,67
2021,41,1.13,Bois énergie,171
2021,18,1.13,Bois énergie,88
2021,23,1.13,Bois énergie,87
2021,24,1.13,Bois énergie,186
2021,10,1.13,Bois énergie,128
2021,65,1.13,Bois énergie,45
2021,05,1.13,Bois énergie,45
2021,12,1.13,Bois énergie,31
2021,NR27,1.13,Bois énergie,946
2021,83,1.13,Bois énergie,104
2021,30,1.13,Bois énergie,68
2021,64,1.13,Bois énergie,50
2021,27,1.13,Bois énergie,165
2021,NR11,1.13,Bois énergie,153
2021,74,1.13,Bois énergie,27
2021,NR93,1.13,Bois énergie,387
2021,88,1.13,Bois énergie,295
2021,25,1.13,Bois énergie,147
2021,51,1.13,Bois énergie,230
2021,70,1.13,Bois énergie,180
2021,NR52,1.13,Bois énergie,350
2021,81,1.13,Bois énergie,80
2021,44,1.13,Bois énergie,60
2021,90,1.13,Bois énergie,9
2021,NR84,1.13,Bois énergie,877
2021,NR94,1.13,Bois énergie,19
2021,86,1.13,Bois énergie,113
2021,04,1.13,Bois énergie,104
2021,61,1.13,Bois énergie,186
2021,75,1.13,Bois énergie,0
2021,15,1.13,Bois énergie,81
2021,76,1.13,Bois énergie,171
2021,66,1.13,Bois énergie,7
2021,91,1.13,Bois énergie,14
2021,92,1.13,Bois énergie,8
2021,54,1.13,Bois énergie,174
2021,METRO,1.13,Bois énergie,8895
2021,60,1.13,Bois énergie,201
2021,63,1.13,Bois énergie,86
2021,79,1.13,Bois énergie,80
2021,57,1.13,Bois énergie,258
2021,89,1.13,Bois énergie,78
2021,07,1.13,Bois énergie,42
2021,68,1.13,Bois énergie,153
2021,52,1.13,Bois énergie,211
2021,29,1.13,Bois énergie,50
2021,26,1.13,Bois énergie,63
2021,35,1.13,Bois énergie,83
2021,NR24,1.13,Bois énergie,639
2021,45,1.13,Bois énergie,127
2021,62,1.13,Bois énergie,68
2021,43,1.13,Bois énergie,64
2021,2A,1.13,Bois énergie,7
2021,21,1.13,Bois énergie,114
2021,55,1.13,Bois énergie,272
2021,46,1.13,Bois énergie,24
2021,09,1.13,Bois énergie,34
2021,67,1.13,Bois énergie,282
2021,58,1.13,Bois énergie,155
2021,48,1.13,Bois énergie,123
2021,NR32,1.13,Bois énergie,734
2021,NR76,1.13,Bois énergie,546
2021,78,1.13,Bois énergie,58
2021,28,1.13,Bois énergie,51
2021,69,1.13,Bois énergie,25
2021,77,1.13,Bois énergie,36
2021,NR53,1.13,Bois énergie,275
2022,NR24,1,Récolte de bois,2137
2022,28,1,Récolte de bois,114
2022,26,1,Récolte de bois,177
2022,36,1,Récolte de bois,259
2022,38,1,Récolte de bois,587
2022,85,1,Récolte de bois,74
2022,37,1,Récolte de bois,456
2022,41,1,Récolte de bois,519
2022,NR27,1,Récolte de bois,5527
2022,21,1,Récolte de bois,633
2022,74,1,Récolte de bois,244
2022,58,1,Récolte de bois,795
2022,71,1,Récolte de bois,660
2022,48,1,Récolte de bois,456
2022,04,1,Récolte de bois,195
2022,89,1,Récolte de bois,384
2022,25,1,Récolte de bois,1217
2022,19,1,Récolte de bois,1153
2022,39,1,Récolte de bois,748
2022,70,1,Récolte de bois,1015
2022,84,1,Récolte de bois,127
2022,83,1,Récolte de bois,127
2022,33,1,Récolte de bois,2680
2022,NR28,1,Récolte de bois,1259
2022,66,1,Récolte de bois,31
2022,47,1,Récolte de bois,423
2022,27,1,Récolte de bois,326
2022,64,1,Récolte de bois,181
2022,86,1,Récolte de bois,327
2022,76,1,Récolte de bois,337
2022,87,1,Récolte de bois,569
2022,02,1,Récolte de bois,699
2022,59,1,Récolte de bois,291
2022,NR93,1,Récolte de bois,704
2022,60,1,Récolte de bois,388
2022,62,1,Récolte de bois,167
2022,NR44,1,Récolte de bois,7076
2022,63,1,Récolte de bois,1381
2022,08,1,Récolte de bois,647
2022,10,1,Récolte de bois,466
2022,2A,1,Récolte de bois,8
2022,51,1,Récolte de bois,488
2022,06,1,Récolte de bois,36
2022,52,1,Récolte de bois,669
2022,54,1,Récolte de bois,415
2022,NR11,1,Récolte de bois,358
2022,55,1,Récolte de bois,945
2022,75,1,Récolte de bois,1
2022,57,1,Récolte de bois,738
2022,12,1,Récolte de bois,272
2022,67,1,Récolte de bois,775
2022,82,1,Récolte de bois,74
2022,11,1,Récolte de bois,233
2022,30,1,Récolte de bois,124
2022,88,1,Récolte de bois,1424
2022,94,1,Récolte de bois,0
2022,44,1,Récolte de bois,150
2022,49,1,Récolte de bois,409
2022,42,1,Récolte de bois,542
2022,NR53,1,Récolte de bois,1012
2022,29,1,Récolte de bois,190
2022,03,1,Récolte de bois,396
2022,80,1,Récolte de bois,180
2022,13,1,Récolte de bois,76
2022,24,1,Récolte de bois,1028
2022,31,1,Récolte de bois,127
2022,32,1,Récolte de bois,147
2022,14,1,Récolte de bois,147
2022,78,1,Récolte de bois,83
2022,92,1,Récolte de bois,10
2022,95,1,Récolte de bois,97
2022,15,1,Récolte de bois,421
2022,METRO,1,Récolte de bois,39897
2022,34,1,Récolte de bois,160
2022,50,1,Récolte de bois,38
2022,46,1,Récolte de bois,111
2022,77,1,Récolte de bois,140
2022,56,1,Récolte de bois,304
2022,09,1,Récolte de bois,158
2022,16,1,Récolte de bois,208
2022,NR52,1,Récolte de bois,1323
2022,18,1,Récolte de bois,391
2022,90,1,Récolte de bois,75
2022,22,1,Récolte de bois,294
2022,45,1,Récolte de bois,399
2022,79,1,Récolte de bois,181
2022,35,1,Récolte de bois,224
2022,93,1,Récolte de bois,4
2022,NR32,1,Récolte de bois,1725
2022,NR75,1,Récolte de bois,10154
2022,68,1,Récolte de bois,509
2022,17,1,Récolte de bois,207
2022,23,1,Récolte de bois,706
2022,53,1,Récolte de bois,167
2022,91,1,Récolte de bois,25
2022,NR94,1,Récolte de bois,14
2022,69,1,Récolte de bois,449
2022,73,1,Récolte de bois,244
2022,NR76,1,Récolte de bois,2681
2022,07,1,Récolte de bois,346
2022,81,1,Récolte de bois,618
2022,NR84,1,Récolte de bois,5926
2022,2B,1,Récolte de bois,6
2022,43,1,Récolte de bois,760
2022,05,1,Récolte de bois,143
2022,72,1,Récolte de bois,523
2022,65,1,Récolte de bois,169
2022,40,1,Récolte de bois,2492
2022,61,1,Récolte de bois,411
2022,01,1,Récolte de bois,379
2022,50,1.11,Grumes,10
2022,09,1.11,Grumes,77
2022,19,1.11,Grumes,697
2022,77,1.11,Grumes,63
2022,43,1.11,Grumes,603
2022,28,1.11,Grumes,52
2022,82,1.11,Grumes,23
2022,71,1.11,Grumes,450
2022,NR75,1.11,Grumes,4719
2022,METRO,1.11,Grumes,19975
2022,45,1.11,Grumes,115
2022,01,1.11,Grumes,282
2022,92,1.11,Grumes,2
2022,44,1.11,Grumes,59
2022,48,1.11,Grumes,240
2022,54,1.11,Grumes,120
2022,22,1.11,Grumes,181
2022,79,1.11,Grumes,92
2022,31,1.11,Grumes,43
2022,85,1.11,Grumes,44
2022,NR44,1.11,Grumes,2868
2022,86,1.11,Grumes,136
2022,74,1.11,Grumes,206
2022,75,1.11,Grumes,0
2022,68,1.11,Grumes,301
2022,NR93,1.11,Grumes,117
2022,63,1.11,Grumes,1097
2022,NR52,1.11,Grumes,707
2022,06,1.11,Grumes,17
2022,49,1.11,Grumes,250
2022,NR28,1.11,Grumes,514
2022,62,1.11,Grumes,81
2022,64,1.11,Grumes,66
2022,66,1.11,Grumes,14
2022,57,1.11,Grumes,292
2022,81,1.11,Grumes,359
2022,2A,1.11,Grumes,5
2022,12,1.11,Grumes,165
2022,05,1.11,Grumes,44
2022,76,1.11,Grumes,141
2022,15,1.11,Grumes,233
2022,39,1.11,Grumes,556
2022,13,1.11,Grumes,1
2022,52,1.11,Grumes,204
2022,94,1.11,Grumes,0
2022,60,1.11,Grumes,129
2022,95,1.11,Grumes,70
2022,84,1.11,Grumes,10
2022,55,1.11,Grumes,195
2022,16,1.11,Grumes,80
2022,72,1.11,Grumes,279
2022,NR84,1.11,Grumes,4257
2022,18,1.11,Grumes,130
2022,89,1.11,Grumes,152
2022,70,1.11,Grumes,514
2022,34,1.11,Grumes,96
2022,37,1.11,Grumes,217
2022,08,1.11,Grumes,233
2022,41,1.11,Grumes,169
2022,33,1.11,Grumes,1106
2022,93,1.11,Grumes,1
2022,47,1.11,Grumes,226
2022,90,1.11,Grumes,49
2022,03,1.11,Grumes,271
2022,83,1.11,Grumes,14
2022,27,1.11,Grumes,110
2022,17,1.11,Grumes,111
2022,87,1.11,Grumes,222
2022,46,1.11,Grumes,42
2022,88,1.11,Grumes,803
2022,NR94,1.11,Grumes,5
2022,NR11,1.11,Grumes,164
2022,26,1.11,Grumes,41
2022,14,1.11,Grumes,61
2022,78,1.11,Grumes,22
2022,2B,1.11,Grumes,0
2022,32,1.11,Grumes,63
2022,NR53,1.11,Grumes,559
2022,07,1.11,Grumes,259
2022,25,1.11,Grumes,864
2022,73,1.11,Grumes,204
2022,04,1.11,Grumes,32
2022,91,1.11,Grumes,6
2022,65,1.11,Grumes,70
2022,56,1.11,Grumes,151
2022,42,1.11,Grumes,449
2022,NR27,1.11,Grumes,3269
2022,24,1.11,Grumes,384
2022,67,1.11,Grumes,412
2022,30,1.11,Grumes,46
2022,53,1.11,Grumes,75
2022,58,1.11,Grumes,462
2022,NR24,1.11,Grumes,786
2022,80,1.11,Grumes,72
2022,10,1.11,Grumes,176
2022,36,1.11,Grumes,103
2022,59,1.11,Grumes,92
2022,40,1.11,Grumes,1183
2022,51,1.11,Grumes,133
2022,11,1.11,Grumes,151
2022,38,1.11,Grumes,220
2022,23,1.11,Grumes,416
2022,29,1.11,Grumes,114
2022,61,1.11,Grumes,191
2022,02,1.11,Grumes,249
2022,21,1.11,Grumes,223
2022,NR76,1.11,Grumes,1388
2022,69,1.11,Grumes,391
2022,35,1.11,Grumes,113
2022,NR32,1.11,Grumes,622
2022,42,1.12,Bois d'industrie,30
2022,19,1.12,Bois d'industrie,376
2022,79,1.12,Bois d'industrie,25
2022,NR44,1.12,Bois d'industrie,2094
2022,21,1.12,Bois d'industrie,265
2022,43,1.12,Bois d'industrie,75
2022,63,1.12,Bois d'industrie,168
2022,36,1.12,Bois d'industrie,85
2022,NR75,1.12,Bois d'industrie,4193
2022,17,1.12,Bois d'industrie,61
2022,71,1.12,Bois d'industrie,97
2022,58,1.12,Bois d'industrie,165
2022,54,1.12,Bois d'industrie,118
2022,15,1.12,Bois d'industrie,95
2022,47,1.12,Bois d'industrie,159
2022,69,1.12,Bois d'industrie,33
2022,NR11,1.12,Bois d'industrie,49
2022,62,1.12,Bois d'industrie,4
2022,03,1.12,Bois d'industrie,44
2022,80,1.12,Bois d'industrie,12
2022,24,1.12,Bois d'industrie,445
2022,NR28,1.12,Bois d'industrie,167
2022,49,1.12,Bois d'industrie,56
2022,16,1.12,Bois d'industrie,74
2022,NR84,1.12,Bois d'industrie,575
2022,32,1.12,Bois d'industrie,47
2022,28,1.12,Bois d'industrie,11
2022,55,1.12,Bois d'industrie,481
2022,40,1.12,Bois d'industrie,1114
2022,56,1.12,Bois d'industrie,51
2022,13,1.12,Bois d'industrie,6
2022,44,1.12,Bois d'industrie,13
2022,81,1.12,Bois d'industrie,175
2022,07,1.12,Bois d'industrie,31
2022,53,1.12,Bois d'industrie,14
2022,18,1.12,Bois d'industrie,156
2022,57,1.12,Bois d'industrie,160
2022,50,1.12,Bois d'industrie,1
2022,74,1.12,Bois d'industrie,0
2022,72,1.12,Bois d'industrie,43
2022,23,1.12,Bois d'industrie,188
2022,46,1.12,Bois d'industrie,41
2022,41,1.12,Bois d'industrie,162
2022,04,1.12,Bois d'industrie,64
2022,45,1.12,Bois d'industrie,148
2022,76,1.12,Bois d'industrie,47
2022,NR93,1.12,Bois d'industrie,179
2022,06,1.12,Bois d'industrie,5
2022,90,1.12,Bois d'industrie,4
2022,39,1.12,Bois d'industrie,94
2022,01,1.12,Bois d'industrie,17
2022,64,1.12,Bois d'industrie,61
2022,92,1.12,Bois d'industrie,3
2022,61,1.12,Bois d'industrie,65
2022,22,1.12,Bois d'industrie,37
2022,77,1.12,Bois d'industrie,20
2022,27,1.12,Bois d'industrie,45
2022,83,1.12,Bois d'industrie,27
2022,33,1.12,Bois d'industrie,1366
2022,65,1.12,Bois d'industrie,52
2022,11,1.12,Bois d'industrie,44
2022,52,1.12,Bois d'industrie,264
2022,66,1.12,Bois d'industrie,3
2022,95,1.12,Bois d'industrie,8
2022,26,1.12,Bois d'industrie,34
2022,14,1.12,Bois d'industrie,9
2022,87,1.12,Bois d'industrie,267
2022,08,1.12,Bois d'industrie,309
2022,NR76,1.12,Bois d'industrie,713
2022,86,1.12,Bois d'industrie,55
2022,67,1.12,Bois d'industrie,114
2022,37,1.12,Bois d'industrie,97
2022,NR52,1.12,Bois d'industrie,138
2022,25,1.12,Bois d'industrie,177
2022,NR27,1.12,Bois d'industrie,1152
2022,51,1.12,Bois d'industrie,169
2022,30,1.12,Bois d'industrie,23
2022,73,1.12,Bois d'industrie,4
2022,59,1.12,Bois d'industrie,49
2022,60,1.12,Bois d'industrie,81
2022,84,1.12,Bois d'industrie,26
2022,85,1.12,Bois d'industrie,11
2022,05,1.12,Bois d'industrie,50
2022,89,1.12,Bois d'industrie,115
2022,NR24,1.12,Bois d'industrie,658
2022,38,1.12,Bois d'industrie,43
2022,68,1.12,Bois d'industrie,70
2022,12,1.12,Bois d'industrie,66
2022,10,1.12,Bois d'industrie,131
2022,METRO,1.12,Bois d'industrie,10311
2022,70,1.12,Bois d'industrie,235
2022,NR53,1.12,Bois d'industrie,131
2022,91,1.12,Bois d'industrie,2
2022,88,1.12,Bois d'industrie,277
2022,29,1.12,Bois d'industrie,19
2022,02,1.12,Bois d'industrie,116
2022,31,1.12,Bois d'industrie,49
2022,82,1.12,Bois d'industrie,32
2022,35,1.12,Bois d'industrie,24
2022,78,1.12,Bois d'industrie,16
2022,NR32,1.12,Bois d'industrie,262
2022,34,1.12,Bois d'industrie,37
2022,48,1.12,Bois d'industrie,89
2022,09,1.12,Bois d'industrie,57
2022,NR53,1.13,Bois énergie,322
2022,50,1.13,Bois énergie,27
2022,32,1.13,Bois énergie,38
2022,60,1.13,Bois énergie,178
2022,47,1.13,Bois énergie,38
2022,NR75,1.13,Bois énergie,1242
2022,2B,1.13,Bois énergie,6
2022,54,1.13,Bois énergie,177
2022,NR52,1.13,Bois énergie,478
2022,NR11,1.13,Bois énergie,145
2022,46,1.13,Bois énergie,29
2022,26,1.13,Bois énergie,101
2022,38,1.13,Bois énergie,324
2022,NR28,1.13,Bois énergie,577
2022,44,1.13,Bois énergie,78
2022,66,1.13,Bois énergie,14
2022,40,1.13,Bois énergie,195
2022,12,1.13,Bois énergie,41
2022,84,1.13,Bois énergie,91
2022,65,1.13,Bois énergie,47
2022,63,1.13,Bois énergie,116
2022,48,1.13,Bois énergie,127
2022,39,1.13,Bois énergie,98
2022,28,1.13,Bois énergie,52
2022,75,1.13,Bois énergie,0
2022,76,1.13,Bois énergie,149
2022,77,1.13,Bois énergie,56
2022,17,1.13,Bois énergie,35
2022,42,1.13,Bois énergie,63
2022,78,1.13,Bois énergie,45
2022,51,1.13,Bois énergie,186
2022,95,1.13,Bois énergie,19
2022,81,1.13,Bois énergie,84
2022,2A,1.13,Bois énergie,4
2022,METRO,1.13,Bois énergie,9611
2022,62,1.13,Bois énergie,83
2022,18,1.13,Bois énergie,104
2022,85,1.13,Bois énergie,20
2022,79,1.13,Bois énergie,64
2022,07,1.13,Bois énergie,56
2022,NR76,1.13,Bois énergie,579
2022,15,1.13,Bois énergie,93
2022,24,1.13,Bois énergie,199
2022,41,1.13,Bois énergie,188
2022,70,1.13,Bois énergie,266
2022,91,1.13,Bois énergie,16
2022,33,1.13,Bois énergie,208
2022,05,1.13,Bois énergie,49
2022,59,1.13,Bois énergie,150
2022,01,1.13,Bois énergie,79
2022,06,1.13,Bois énergie,14
2022,64,1.13,Bois énergie,53
2022,72,1.13,Bois énergie,200
2022,80,1.13,Bois énergie,96
2022,03,1.13,Bois énergie,81
2022,61,1.13,Bois énergie,155
2022,68,1.13,Bois énergie,138
2022,88,1.13,Bois énergie,345
2022,NR93,1.13,Bois énergie,408
2022,02,1.13,Bois énergie,334
2022,92,1.13,Bois énergie,5
2022,90,1.13,Bois énergie,22
2022,49,1.13,Bois énergie,103
2022,NR94,1.13,Bois énergie,10
2022,55,1.13,Bois énergie,269
2022,58,1.13,Bois énergie,168
2022,NR44,1.13,Bois énergie,2115
2022,36,1.13,Bois énergie,71
2022,22,1.13,Bois énergie,76
2022,29,1.13,Bois énergie,57
2022,09,1.13,Bois énergie,25
2022,73,1.13,Bois énergie,36
2022,35,1.13,Bois énergie,87
2022,45,1.13,Bois énergie,136
2022,21,1.13,Bois énergie,145
2022,53,1.13,Bois énergie,77
2022,16,1.13,Bois énergie,55
2022,30,1.13,Bois énergie,54
2022,NR84,1.13,Bois énergie,1094
2022,57,1.13,Bois énergie,285
2022,71,1.13,Bois énergie,114
2022,10,1.13,Bois énergie,160
2022,67,1.13,Bois énergie,249
2022,89,1.13,Bois énergie,118
2022,19,1.13,Bois énergie,80
2022,87,1.13,Bois énergie,79
2022,08,1.13,Bois énergie,105
2022,37,1.13,Bois énergie,142
2022,82,1.13,Bois énergie,20
2022,11,1.13,Bois énergie,38
2022,NR27,1.13,Bois énergie,1106
2022,43,1.13,Bois énergie,83
2022,04,1.13,Bois énergie,99
2022,NR24,1.13,Bois énergie,694
2022,NR32,1.13,Bois énergie,841
2022,34,1.13,Bois énergie,27
2022,69,1.13,Bois énergie,25
2022,56,1.13,Bois énergie,103
2022,83,1.13,Bois énergie,86
2022,13,1.13,Bois énergie,69
2022,52,1.13,Bois énergie,201
2022,25,1.13,Bois énergie,176
2022,27,1.13,Bois énergie,171
2022,14,1.13,Bois énergie,76
2022,93,1.13,Bois énergie,3
2022,23,1.13,Bois énergie,101
2022,31,1.13,Bois énergie,36
2022,86,1.13,Bois énergie,135
2022,74,1.13,Bois énergie,38
