annee,sciages_tC,panneaux_tC,contreplaques_tC,papier_tC,bois_oeuvre_tC_sciages_plus_contreplaques,bois_industrie_tC_panneaux_plus_papier
1990,1739967,1028287,247959,1055362,1987926,2083649
1991,1676759,1034084,232197,1086234,1908956,2120318
1992,1599148,1040879,218389,1087747,1817537,2128626
1993,1481853,972760,200420,967959,1682273,1940719
1994,1566798,1022514,213623,1095640,1780421,2118154
1995,1606520,1070680,221094,1140985,1827614,2211665
1996,1528577,1161306,208955,1006277,1737532,2167583
1997,1570121,1245132,215478,1069617,1785599,2314749
1998,1639225,1361391,224062,1069319,1863287,2430710
1999,1645708,1405547,226191,1091645,1871899,2497192
2000,1597425,1419193,314326,1267556,1911751,2686749
2001,1602483,1497635,259492,1194145,1861975,2691780
2002,1463264,1462663,219609,1103313,1682873,2565976
2003,1443739,1512446,216322,1050051,1660061,2562497
2004,1481198,1578797,220494,1139391,1701692,2718188
2005,1611585,1744020,197464,1070514,1809049,2814534
2006,1654431,1736324,206368,1107607,1860799,2843931
2007,1674695,1866835,227516,1101279,1902211,2968114
2008,1564739,1692367,223228,1060155,1787967,2752522
2009,1415183,1367314,244328,918046,1659511,2285360
2010,1456606,1611673,183860,1201340,1640466,2813013
2011,1541549,1732617,193521,1100916,1735070,2833533
2012,1473085,1713551,168392,1041271,1641477,2754822
2013,1470472,1657161,166891,962063,1637363,2619224
2014,1400477,1574948,183438,1031166,1583915,2606114
2015,1394143,1506026,179175,950596,1573318,2456622
2016,1381098,1469827,193084,878665,1574182,2348492
2017,1420733,1413368,206352,882188,1627085,2295556
2018,1442164,1405807,221864,816561,1664028,2222368
2019,1366401,1403944,213576,798950,1579977,2202894
2020,1347187,1060003,193412,798027,1540599,1858030
2021,1541699,1397016,209296,920587,1750995,2317603
2022,1495194,1304599,211509,930031,1706703,2234630
2023,1363470,1128971,180758,747953,1544228,1876924
2024,1386011,1062960,174117,716955,1560128,1779915
