date_mesure,geocode_region,libelle_region,valeur
2020-01-01T00:00:00.000,04,La Réunion,38773.9
2010-01-01T00:00:00.000,93,Provence-Alpes-Côte d'Azur,609367.6700000007
2010-01-01T00:00:00.000,53,Bretagne,1638228.8200000003
2010-01-01T00:00:00.000,11,Île-de-France,568835.7000000004
2010-01-01T00:00:00.000,04,La Réunion,42813.88999999999
2020-01-01T00:00:00.000,32,Hauts-de-France,2127146.940000003
2020-01-01T00:00:00.000,28,Normandie,1952855.800000003
2020-01-01T00:00:00.000,01,Guadeloupe,31835.850000000002
2020-01-01T00:00:00.000,03,Guyane,36244.799999999996
2020-01-01T00:00:00.000,75,Nouvelle-Aquitaine,3871872.1099999985
2020-01-01T00:00:00.000,24,Centre-Val de Loire,2284643.5200000037
2010-01-01T00:00:00.000,52,Pays de la Loire,2093449.5200000003
2020-01-01T00:00:00.000,11,Île-de-France,564026.67
2010-01-01T00:00:00.000,84,Auvergne-Rhône-Alpes,2885103.33
2010-01-01T00:00:00.000,01,Guadeloupe,31401.070000000007
2010-01-01T00:00:00.000,75,Nouvelle-Aquitaine,3936917.3799999915
2010-01-01T00:00:00.000,32,Hauts-de-France,2143460.729999997
2020-01-01T00:00:00.000,52,Pays de la Loire,2072338.1599999964
2010-01-01T00:00:00.000,28,Normandie,1978384.7699999958
2010-01-01T00:00:00.000,44,Grand Est,3000734.8600000096
2020-01-01T00:00:00.000,84,Auvergne-Rhône-Alpes,2853679.8999999994
2010-01-01T00:00:00.000,03,Guyane,25345.110000000004
2020-01-01T00:00:00.000,76,Occitanie,3131211.4499999983
2010-01-01T00:00:00.000,94,Corse,167895.4999999999
2020-01-01T00:00:00.000,93,Provence-Alpes-Côte d'Azur,628452.7399999998
2010-01-01T00:00:00.000,24,Centre-Val de Loire,2311373.079999998
2010-01-01T00:00:00.000,76,Occitanie,3177291.109999999
2020-01-01T00:00:00.000,44,Grand Est,3024683.240000003
2020-01-01T00:00:00.000,06,Mayotte,5959.449999999999
2010-01-01T00:00:00.000,02,Martinique,24982.090000000007
2020-01-01T00:00:00.000,02,Martinique,21893.780000000002
2020-01-01T00:00:00.000,94,Corse,167093.10000000003
2020-01-01T00:00:00.000,27,Bourgogne-Franche-Comté,2428466.8500000066
2010-01-01T00:00:00.000,27,Bourgogne-Franche-Comté,2424671.559999998
2020-01-01T00:00:00.000,53,Bretagne,1624251.7700000005
