date_mesure,geocode_departement,libelle_departement,valeur
2010-01-01T00:00:00.000,39,Jura,188345.62
2010-01-01T00:00:00.000,66,Pyrénées-Orientales,74698.71999999993
2020-01-01T00:00:00.000,32,Gers,448499.23000000033
2020-01-01T00:00:00.000,38,Isère,240339.28999999986
2010-01-01T00:00:00.000,64,Pyrénées-Atlantiques,330208.36999999994
2010-01-01T00:00:00.000,61,Orne,397461.1299999999
2020-01-01T00:00:00.000,34,Hérault,175789.66999999998
2010-01-01T00:00:00.000,67,Bas-Rhin,197417.7600000002
2020-01-01T00:00:00.000,48,Lozère,240024.8299999999
2010-01-01T00:00:00.000,56,Morbihan,368153.7700000005
2010-01-01T00:00:00.000,82,Tarn-et-Garonne,210400.78
2010-01-01T00:00:00.000,89,Yonne,417275.55
2010-01-01T00:00:00.000,974,La Réunion,42813.88999999999
2020-01-01T00:00:00.000,66,Pyrénées-Orientales,68020.85000000002
2010-01-01T00:00:00.000,2A,Corse-du-Sud,62769.26
2020-01-01T00:00:00.000,25,Doubs,221832.6599999997
2010-01-01T00:00:00.000,15,Cantal,341235.04999999976
2010-01-01T00:00:00.000,13,Bouches-du-Rhône,148570.67999999996
2020-01-01T00:00:00.000,03,Allier,479403.6600000001
2010-01-01T00:00:00.000,58,Nièvre,370202.5900000001
2010-01-01T00:00:00.000,51,Marne,555023.8200000002
2020-01-01T00:00:00.000,28,Eure-et-Loir,446392.33999999997
2010-01-01T00:00:00.000,47,Lot-et-Garonne,284313.1200000001
2010-01-01T00:00:00.000,30,Gard,160414.61000000002
2010-01-01T00:00:00.000,49,Maine-et-Loire,454547.0499999999
2020-01-01T00:00:00.000,85,Vendée,459882.7900000001
2020-01-01T00:00:00.000,95,Val-d'Oise,55478.810000000005
2020-01-01T00:00:00.000,52,Haute-Marne,314926.57000000007
2020-01-01T00:00:00.000,73,Savoie,128018.25000000009
2010-01-01T00:00:00.000,01,Ain,247401.9099999998
2020-01-01T00:00:00.000,42,Loire,231562.88
2020-01-01T00:00:00.000,89,Yonne,416101.11
2020-01-01T00:00:00.000,30,Gard,162108.06000000006
2010-01-01T00:00:00.000,76,Seine-Maritime,396264.57999999967
2010-01-01T00:00:00.000,59,Nord,354347.3199999995
2010-01-01T00:00:00.000,52,Haute-Marne,295400.8500000002
2010-01-01T00:00:00.000,33,Gironde,241979.36000000007
2020-01-01T00:00:00.000,61,Orne,397898.6199999995
2020-01-01T00:00:00.000,02,Aisne,493926.17000000033
2010-01-01T00:00:00.000,74,Haute-Savoie,125298.80000000012
2010-01-01T00:00:00.000,62,Pas-de-Calais,463512.51999999984
2020-01-01T00:00:00.000,972,Martinique,21893.780000000002
2020-01-01T00:00:00.000,26,Drôme,193959.33000000002
2010-01-01T00:00:00.000,78,Yvelines,89134.32999999993
2010-01-01T00:00:00.000,16,Charente,366172.39999999997
2020-01-01T00:00:00.000,09,Ariège,134952.53999999995
2010-01-01T00:00:00.000,38,Isère,241264.9999999998
2020-01-01T00:00:00.000,976,Mayotte,5959.449999999999
2010-01-01T00:00:00.000,63,Puy-de-Dôme,391916.8499999998
2010-01-01T00:00:00.000,28,Eure-et-Loir,450573.72000000015
2020-01-01T00:00:00.000,58,Nièvre,367818.18999999977
2010-01-01T00:00:00.000,88,Vosges,221610.77999999997
2010-01-01T00:00:00.000,31,Haute-Garonne,331035.44000000006
2020-01-01T00:00:00.000,15,Cantal,334350.21
2020-01-01T00:00:00.000,2A,Corse-du-Sud,63011.44999999998
2010-01-01T00:00:00.000,86,Vienne,474240.29000000004
2020-01-01T00:00:00.000,91,Essonne,83077.63000000005
2010-01-01T00:00:00.000,57,Moselle,316129.5600000001
2010-01-01T00:00:00.000,32,Gers,447222.80999999976
2020-01-01T00:00:00.000,64,Pyrénées-Atlantiques,322742.84
2020-01-01T00:00:00.000,72,Sarthe,366358.52
2020-01-01T00:00:00.000,94,Val-de-Marne,1037.63
2010-01-01T00:00:00.000,94,Val-de-Marne,997.5400000000001
2020-01-01T00:00:00.000,21,Côte-d'Or,462010.56
2020-01-01T00:00:00.000,39,Jura,193009.48000000004
2010-01-01T00:00:00.000,81,Tarn,298095.21
2020-01-01T00:00:00.000,05,Hautes-Alpes,91978.79999999997
2010-01-01T00:00:00.000,48,Lozère,241711.6499999999
2010-01-01T00:00:00.000,24,Dordogne,309682.33000000013
2010-01-01T00:00:00.000,92,Hauts-de-Seine,12.93
2010-01-01T00:00:00.000,84,Vaucluse,111218.07
2010-01-01T00:00:00.000,77,Seine-et-Marne,335860.20000000024
2010-01-01T00:00:00.000,02,Aisne,493009.1499999992
2010-01-01T00:00:00.000,65,Hautes-Pyrénées,127241.20999999998
2010-01-01T00:00:00.000,53,Mayenne,396204.73
2010-01-01T00:00:00.000,07,Ardèche,128500.80000000005
2020-01-01T00:00:00.000,31,Haute-Garonne,328004.3200000003
2010-01-01T00:00:00.000,971,Guadeloupe,31401.070000000007
2010-01-01T00:00:00.000,26,Drôme,204342.12000000017
2010-01-01T00:00:00.000,43,Haute-Loire,230241.87000000014
2020-01-01T00:00:00.000,87,Haute-Vienne,286006.1700000001
2020-01-01T00:00:00.000,83,Var,77785.23999999998
2020-01-01T00:00:00.000,971,Guadeloupe,31835.850000000002
2020-01-01T00:00:00.000,08,Ardennes,305033.3099999997
2020-01-01T00:00:00.000,67,Bas-Rhin,196213.20000000004
2020-01-01T00:00:00.000,973,Guyane,36244.799999999996
2020-01-01T00:00:00.000,51,Marne,557179.2899999995
2020-01-01T00:00:00.000,23,Creuse,316536.5699999999
2010-01-01T00:00:00.000,90,Territoire de Belfort,20214.759999999995
2010-01-01T00:00:00.000,83,Var,66583.97000000002
2020-01-01T00:00:00.000,77,Seine-et-Marne,334608.7300000003
2020-01-01T00:00:00.000,53,Mayenne,385833.5600000003
2020-01-01T00:00:00.000,19,Corrèze,227241.19000000006
2010-01-01T00:00:00.000,18,Cher,432332.7299999999
2010-01-01T00:00:00.000,95,Val-d'Oise,57799.599999999955
2020-01-01T00:00:00.000,88,Vosges,219505.8400000002
2010-01-01T00:00:00.000,40,Landes,211020.8600000001
2010-01-01T00:00:00.000,93,Seine-Saint-Denis,886.8199999999999
2010-01-01T00:00:00.000,73,Savoie,116384.01999999997
2010-01-01T00:00:00.000,29,Finistère,385380.26
2010-01-01T00:00:00.000,973,Guyane,25345.110000000004
2010-01-01T00:00:00.000,21,Côte-d'Or,457678.08999999985
2020-01-01T00:00:00.000,01,Ain,244785.17000000004
2010-01-01T00:00:00.000,42,Loire,233552.4600000001
2010-01-01T00:00:00.000,36,Indre,452691.0
2010-01-01T00:00:00.000,09,Ariège,132162.19999999998
2010-01-01T00:00:00.000,85,Vendée,463275.0199999999
2020-01-01T00:00:00.000,79,Deux-Sèvres,445790.45999999996
2010-01-01T00:00:00.000,54,Meurthe-et-Moselle,271539.47000000015
2020-01-01T00:00:00.000,90,Territoire de Belfort,19690.479999999996
2020-01-01T00:00:00.000,14,Calvados,372937.5199999997
2020-01-01T00:00:00.000,69,Rhône,136947.84999999998
2010-01-01T00:00:00.000,44,Loire-Atlantique,410305.9600000001
2020-01-01T00:00:00.000,50,Manche,420871.7299999995
2020-01-01T00:00:00.000,44,Loire-Atlantique,408684.82999999996
2010-01-01T00:00:00.000,25,Doubs,219609.7099999999
2020-01-01T00:00:00.000,86,Vienne,471017.41999999975
2010-01-01T00:00:00.000,41,Loir-et-Cher,288333.1999999999
2010-01-01T00:00:00.000,14,Calvados,379812.24000000017
2020-01-01T00:00:00.000,07,Ardèche,122126.55000000015
2010-01-01T00:00:00.000,79,Deux-Sèvres,450284.5899999999
2010-01-01T00:00:00.000,19,Corrèze,228827.33999999988
2010-01-01T00:00:00.000,71,Saône-et-Loire,517452.80000000016
2020-01-01T00:00:00.000,49,Maine-et-Loire,451578.4600000002
2010-01-01T00:00:00.000,72,Sarthe,369116.7599999999
2010-01-01T00:00:00.000,35,Ille-et-Vilaine,446380.84000000014
2010-01-01T00:00:00.000,12,Aveyron,521837.57
2010-01-01T00:00:00.000,04,Alpes-de-Haute-Provence,145105.74000000008
2020-01-01T00:00:00.000,22,Côtes-d'Armor,433338.29
2020-01-01T00:00:00.000,43,Haute-Loire,231158.65999999992
2010-01-01T00:00:00.000,87,Haute-Vienne,291347.5800000001
2020-01-01T00:00:00.000,10,Aube,374684.6500000002
2020-01-01T00:00:00.000,63,Puy-de-Dôme,385638.2400000002
2020-01-01T00:00:00.000,75,Paris,1.01
2020-01-01T00:00:00.000,57,Moselle,319349.82999999996
2010-01-01T00:00:00.000,45,Loiret,355267.2399999999
2020-01-01T00:00:00.000,70,Haute-Saône,235314.31999999995
2020-01-01T00:00:00.000,06,Alpes-Maritimes,41141.170000000006
2020-01-01T00:00:00.000,29,Finistère,382582.18000000017
2010-01-01T00:00:00.000,08,Ardennes,302042.6100000002
2010-01-01T00:00:00.000,23,Creuse,318583.5899999999
2020-01-01T00:00:00.000,92,Hauts-de-Seine,4.6000000000000005
2020-01-01T00:00:00.000,46,Lot,218219.2700000001
2020-01-01T00:00:00.000,27,Eure,369883.6200000003
2010-01-01T00:00:00.000,10,Aube,374639.13
2020-01-01T00:00:00.000,41,Loir-et-Cher,284437.62
2010-01-01T00:00:00.000,34,Hérault,184972.58000000007
2010-01-01T00:00:00.000,69,Rhône,138648.86
2020-01-01T00:00:00.000,65,Hautes-Pyrénées,126521.19000000005
2020-01-01T00:00:00.000,55,Meuse,330269.08999999973
2020-01-01T00:00:00.000,974,La Réunion,38773.9
2020-01-01T00:00:00.000,68,Haut-Rhin,135444.9
2020-01-01T00:00:00.000,71,Saône-et-Loire,512690.05
2020-01-01T00:00:00.000,82,Tarn-et-Garonne,207643.38
2020-01-01T00:00:00.000,04,Alpes-de-Haute-Provence,158946.36
2010-01-01T00:00:00.000,05,Hautes-Alpes,95896.26000000001
2010-01-01T00:00:00.000,68,Haut-Rhin,139219.00000000012
2010-01-01T00:00:00.000,972,Martinique,24982.090000000007
2020-01-01T00:00:00.000,17,Charente-Maritime,425267.26000000053
2020-01-01T00:00:00.000,62,Pas-de-Calais,457908.54999999993
2020-01-01T00:00:00.000,47,Lot-et-Garonne,280104.03
2010-01-01T00:00:00.000,03,Allier,486315.5899999998
2010-01-01T00:00:00.000,80,Somme,465286.96000000025
2010-01-01T00:00:00.000,60,Oise,367304.7800000003
2020-01-01T00:00:00.000,37,Indre-et-Loire,329498.4800000001
2010-01-01T00:00:00.000,22,Côtes-d'Armor,438313.9500000004
2010-01-01T00:00:00.000,17,Charente-Maritime,430257.5499999999
2020-01-01T00:00:00.000,11,Aude,215567.93000000023
2010-01-01T00:00:00.000,37,Indre-et-Loire,332175.19000000006
2020-01-01T00:00:00.000,45,Loiret,348542.5999999999
2020-01-01T00:00:00.000,54,Meurthe-et-Moselle,272076.5600000001
2020-01-01T00:00:00.000,2B,Haute-Corse,104081.64999999994
2010-01-01T00:00:00.000,06,Alpes-Maritimes,41992.950000000004
2010-01-01T00:00:00.000,46,Lot,223502.58000000005
2020-01-01T00:00:00.000,36,Indre,446655.65
2020-01-01T00:00:00.000,35,Ille-et-Vilaine,440455.98999999993
2020-01-01T00:00:00.000,12,Aveyron,508956.9700000003
2020-01-01T00:00:00.000,74,Haute-Savoie,125389.81000000004
2020-01-01T00:00:00.000,24,Dordogne,296642.26
2010-01-01T00:00:00.000,55,Meuse,327711.8800000002
2010-01-01T00:00:00.000,27,Eure,376980.8300000001
2010-01-01T00:00:00.000,91,Essonne,84144.27999999997
2020-01-01T00:00:00.000,78,Yvelines,89291.45
2020-01-01T00:00:00.000,16,Charente,356668.56
2020-01-01T00:00:00.000,40,Landes,210461.60999999996
2010-01-01T00:00:00.000,70,Haute-Saône,233892.43999999997
2020-01-01T00:00:00.000,33,Gironde,233393.74000000005
2020-01-01T00:00:00.000,60,Oise,364088.69000000024
2020-01-01T00:00:00.000,81,Tarn,296903.2099999999
2010-01-01T00:00:00.000,50,Manche,427865.9899999996
2020-01-01T00:00:00.000,84,Vaucluse,112888.06000000004
2020-01-01T00:00:00.000,59,Nord,351631.5200000001
2020-01-01T00:00:00.000,80,Somme,459592.0100000003
2020-01-01T00:00:00.000,93,Seine-Saint-Denis,526.81
2010-01-01T00:00:00.000,11,Aude,223995.7499999999
2020-01-01T00:00:00.000,76,Seine-Maritime,391264.3099999994
2020-01-01T00:00:00.000,13,Bouches-du-Rhône,145713.11000000004
2010-01-01T00:00:00.000,2B,Haute-Corse,105126.24
2020-01-01T00:00:00.000,56,Morbihan,367875.31
2020-01-01T00:00:00.000,18,Cher,429116.8299999996
