code_departement,electricity_mwh,natural_gas_mwh,fuel_oil_mwh,lpg_mwh
01,1704359.628,846389.483,344747.425325103476,103267.61883864738
02,1211963.379,904238.811,385931.733681063684,93949.513311202711
03,827791.099,666164.552,267707.339518623458,67583.044916642393
04,517763.532,67329.713,90061.664967890464,36808.201611013296
05,462062.446,75474.092,177513.356673549452,30057.668568628376
06,7628407.029,1433242.092,221664.818112268446,49435.916794480082
07,897367.956,197191.445,188888.929772411365,61691.377660441964
08,558582.46,614062.463,331592.783025330865,77438.715724233055
09,401033.727,175002.198,56056.616148588476,29611.542000846723
10,746229.996,488958.032,111082.960304888906,114927.014327945846
11,1034007.127,260152.435,80708.680293307305,41000.978108712355
12,683672.573,273862.099,218147.658818598644,35912.875965166409
13,4521734.277,1694479.521,557535.312610158965,110065.617075278905
14,1791051.204,1031363.513,436821.355863989441,137562.460768313837
15,356431.886,93701.37,127815.100207438898,70987.708786785534
16,905319.575,495172.901,190910.793679860424,72266.919687800069
17,2099580.97,631192.137,330786.821555052367,117683.938460092584
18,800784.535,528429.742,227887.110070085573,38275.824994437303
19,649927.199,296137.963,219624.219690361492,31265.469734094652
21,1149605.551,1082447.703,283985.811912265075,73518.459173294526
22,1682186.601,513696.001,371942.651356824808,144748.364626282405
23,303918.023,93180.654,198889.981029634554,17739.661267400538
24,1242134.315,425546.768,304432.206403426133,61444.998325263278
25,1138026.051,805777.831,810676.657781845209,118255.217801388841
26,1284600.313,579719.604,313263.359748629507,102011.573609474355
27,1557821.849,729465.913,386028.939863916727,102048.181360537869
28,1136565.185,677163.207,282290.143955059021,71212.504483830373
29,2286564.998,1004006.66,1054646.467390439638,121205.249529243954
2A,500529.159,0,1848.929087832093,8479.375700723235
2B,509359.775,0,50762.918380403907,4673.586166335765
30,2042931.195,674071.151,206812.566089838509,57711.24639643085
31,3087761.669,2037332.554,522980.968042490758,77699.785299195613
32,540682.631,120600.19,132864.207168279646,54530.79197443974
33,4011853.121,2551047.193,320368.740261688516,79286.746686016857
34,2937119.599,1061583.545,510564.850575258682,74149.976638555861
35,2353995.402,1574684.433,367341.803558486192,111973.253873692826
36,583993.326,306546.419,148236.082782774618,32141.933182650368
37,1518638.69,929239.946,226840.436925874746,63320.655385729147
38,2893322.638,1246975.808,541244.488822281635,197741.430345971317
39,625359.37,328692.598,236258.531321746841,70366.325255101776
40,1249422.637,342552.029,162008.080378215079,83356.229866464009
41,909812.966,503108.687,196399.027159132371,60560.151436630515
42,1504947.027,1474454.53,322580.230824182339,90688.123052650378
43,542937.866,263957.575,280488.076355045726,44614.093772755146
44,3254301.312,2240471.522,611994.865870783327,76024.331965242589
45,1822718.591,1216824.085,368181.260750985671,96947.445927700294
46,521784.581,93891.609,124223.842773101741,51444.36338809816
47,894556.109,342298.622,413104.952361526905,65505.5461370613
48,185723.105,0,219275.684632656321,19071.448966863555
49,1873010.294,933266.643,294170.794320989935,100113.282152034741
50,1433785.622,455814.431,450232.790297552432,91728.800792920799
51,1256582.893,1058804.1,273574.931146344302,154719.303764893777
52,394699.41,236828.924,112078.174059982752,74318.941747906721
53,769080.035,321381.589,142833.196447231328,58794.506897703993
54,1537251.801,1996627.986,742157.332538850756,88957.677594101215
55,437877.359,276795.539,139088.89738182667,62844.857595143836
56,2061780.465,866926.091,316634.587398073362,149714.509396736814
57,2206636.631,3134643.973,842712.797340637571,120341.139200092103
58,565917.224,320484.374,116338.141575302371,51608.569185809782
59,4707965.608,6828315.037,902199.961312576481,172515.975859789564
60,1856159.195,1335199.109,365651.237985936767,131112.19993425114
61,750266.305,247118.91,291943.328098847601,74718.020188751936
62,3010401.213,3314024.13,491245.45061218703,144291.1631895156
63,1435479.869,1153307.698,457701.922870955201,90540.938009431406
64,1580517.292,1111913.234,109167.805027247342,63683.050164691652
65,564688.037,366488.439,71457.301915514824,39239.561642788359
66,1261366.657,241573.51,106692.441579622002,51421.745976387814
67,2431342.9,1633279.197,980938.657794218797,204129.908459449012
68,1605323.395,1516121.933,768678.224090609422,124791.467841924422
69,3522986.611,3435584.082,894442.818782720585,145196.064595569989
70,545592.958,211626.278,155935.880518810624,68514.005467433079
71,1319424.852,1185637.005,285537.604762264131,73812.803193804658
72,1361209.739,848294.612,278305.550856046465,92549.366405988887
73,1364784.663,467814.256,384489.099456507259,107247.240383196148
74,2316492.923,1102421.065,748148.613288500551,136310.13727153399
75,3572702.282,4268672.83,47038.856930945955,4037.470284951368
76,2716059.43,2036379.256,640410.3841537418,145301.736458987559
77,3083246.812,2891565.012,687277.480847356385,178721.54989258927
78,2833999.704,3542706.694,212449.220844995417,99332.936914435892
79,1085720.127,357919.568,219558.697166503858,78238.495186804278
80,1243290.723,907794.457,411312.850285980039,97216.456174676986
81,1008775.681,373792.81,126268.389561081282,44677.311064690165
82,729011.514,175970.221,96438.373589333809,41651.267874742395
83,3333186.255,562781.781,205498.460816829273,87450.579189582014
84,1610925.557,398703.528,218224.7185833434,53806.599702027327
85,2045285.313,565127.437,413219.269931588945,107649.431935689789
86,1103795.706,470839.021,375968.241895105518,67701.553635759762
87,860585.641,604261.42,232466.634366457812,31149.184302321021
88,876491.541,617444.986,233447.601536661959,111369.063549148012
89,888124.176,570469.803,196931.005063561807,72016.112110233319
90,267096.378,308777.27,76030.129287515943,12331.94836876202
91,2476420.204,2726018.759,153494.258388095173,61959.062487722958
92,2445562.13,3522065.752,184165.172203624815,22247.40008927124
93,2233352.707,2924522.611,113227.296289686951,42452.843367280443
94,2061821.681,2762008.47,356335.284053651404,27637.463278172772
95,2224473.898,2533711.827,243417.7336262599,62962.599481730055
