network_id,commune_code,residential_delivered_mwh,emission_factor_kg_per_kwh
0103C,01283,30401.52,0.047479854132
0105C,01344,295.75,0.046319949281
0106C,01034,5309.1,0.019375784031
0107C,01370,163.14,0.168047443913
0108C,01053,4450.5,0.057067473964
0109C,01148,555.52,0.092511160714
0110C,01053,23895.13,0.060757639053
0201C,02691,29177.19,0.069161855203
0202C,02722,0,0.123581025656
0205C,02168,9987.2058,0.012746560975
0301C,02530,6721.33,0.044716947854
0302C,03185,16344,0.07810993025
0303C,89065,0,0
0305C,03165,96,0.0246375
0307C,03082,3186.4,0.029247627417
0309C,02530,7261.44,0.050470742289
0310C,03095,1949.97,0.016829497377
0401C,04112,2685.163798805,0.044676745506
0403C,04088,0,0
0404C,04006,390,0.030461538462
0405C,04039,0,0
0406C,04019,1981.86,0.111547667343
0501C,05046,4965.38,0.02002686602
0504C,05170,0,0.04342524032
0506C,05023,7173.636184,0.02960272636
0508C,05139,0,0
0509C,05065,154.8,0.01088372093
0511C,05001,348,0
0602C,06088,15280,0.206205314136
0603C,06029,7322.53,0.056348387204
0604C,06099,0,0.126489214286
0605C,06075,0,0.070418143161
0606C,06088,1178.13,0.067052254335
0606F,06088,0,0.010286018642
0608F,33359,0,0.013
0609C,06088,57559.04,0.004247384886
0612C,06004,836,0.070449760766
0701C,07019,8529.1,0.01225341947
0702C,07064,1062.88,0.025819283456
0705C,07045,293,0.004188225256
0802C,08105,11087.748,0.163491599907
0803C,08409,22898.12,0.046881260994
0804C,08264,50.694,0.018950704225
0806C,08105,20077.11,0.12955193361
0808C,08367,458.66,0.07057227576
0817C,08363,88.15,0.075558139535
1001C,10265,26048,0.050100726351
1002C,10387,26183.43,0.067405692837
1003C,10287,297.8766,0.084144917728
1101C,11262,7043.76,0.083254139834
1102C,11069,0,0.135739125557
1103C,11206,497.2,0
1201C,12089,3977.19,0.130672674677
1202C,12083,69.29,0.087230769231
1203C,12202,410.6,0.040261081344
1204C,12176,3265,0.119152529862
1206C,12052,1058.68,0.032052404882
1207C,12208,3617.6,0.01713622291
1208C,12096,0,0.143435534591
1302C,13015,10923,0.181029067106
1303C,13103,16307.89268866,0.278743878424
1306C,13008,2237,0.120848737148
1310C,13056,8501.4,0.274542875291
1311C,13056,12476.8,0.090178046454
1317C,13001,62699,0.222213408507
1318C,13047,2790.97,0.072007336159
1319C,13002,0,0.042985373707
1320C,13118,0,0.15586259542
1322C,13100,1174.8,0.06606741573
1401C,14327,57601.9269408,0.043314592892
1402C,14366,13919.84,0.086549119516
1403C,08164,5974.2,0.119575069298
1405C,14047,2485.6468,0.044191007803
1406C,14047,2258.85726,0.038878753914
1409C,14260,13.0676,0.02881947718
1410C,71584,3465.0504,0.082839630514
1411C,14020,0,0.101019391031
1412C,14076,1056.6,0.110462521295
1413C,14118,29067.2,0.06423379086
1501C,15002,0,0.004455501542
1502C,15188,158.16,0.037283763278
1503C,15187,0,0.008392539964
1504C,15162,183.05,0.005605025949
1506C,15012,1334,0
1507C,03191,370.72,0.002243202417
1511C,15014,26899.1112,0.026060090982
1512C,15187,583.56,0.002748303516
1513C,15258,1175.573,0
1601C,16303,140,0
1604C,16076,0,0
1605C,16374,13184.1,0.196217358409
1607C,16089,0,0.080302547771
1608C,16015,1681.5,0.19398559322
1610C,16089,1741.08,0.010281084155
1611C,16015,0,0.313427710843
1612C,16358,0,0.157367647059
1701C,17300,11617.116,0.057998757824
1703C,17028,1734,0.054974403114
1704C,17300,24583.5,0.014000115321
1705C,17283,425.711,0.048904021742
1709C,17299,0,0.011228726576
1801C,18033,38144.96,0.012603198955
1803C,18279,2366.7,0.461547323277
1901C,19229,0,0
1902C,19073,2865.6,0.06235120603
1904C,19258,428,0
1906C,19081,299.7,0.253018018018
1907C,19031,7966.8837144,0.014125134335
1908C,19176,0,0
1909C,19153,0,0.042733940043
2001C,2B096,3959.56,0.000300033337
2102C,21231,119556.24331665,0.086339250873
2105C,21231,9189.13210354,0.082174125567
2106C,21231,89459.675,0.042174855322
2108C,21464,0,0
2113C,21277,1277.01,0.028238776517
2204C,22245,0,0
2205C,22330,163.21,0.017397555297
2207C,22330,117.6,0.015428571429
2208C,22215,0,0.044408988764
2209C,22136,0,0
2210C,22113,0,0.056760514327
2212C,22113,0,0.007850751611
2214C,22264,0,0
2215C,22131,0,0
2216C,22379,0,0.01463322027
2217C,22046,87.78,0.061917293233
2218C,22046,75.62,0.074623115578
2301C,23030,1671.21,0.023639398998
2302C,23079,2506.5,0.017788749252
2304C,23090,117.12,0
2305C,23096,8895.9,0.033447983341
2401C,24372,717.59048,0.063000381395
2402C,24322,1407.805812,0.058301115039
2403C,24068,0,0.079736842105
2406C,24138,2777.22,0.028968417266
2407C,24322,6900,0.117083224638
2501C,25056,70569.52,0.055533225676
2502C,25388,30639.44,0.181230369746
2503C,25057,4392.36,0.10462670068
2504C,25512,0,0.042703385548
2505C,25031,4945.85,0.246608279669
2506C,25056,4158,0.038375378788
2507C,25413,983.64,0.018599487617
2510C,25411,0,0.266090861345
2511C,25462,10880,0.027138796875
2514C,25259,10.27,0.012093476144
2515C,25282,0,0
2516C,25015,299.88,0.142941176471
2518C,25429,1790.4,0.004377546917
2601C,16392,24247.58425299,0.108920202276
2602C,26364,0,0.037307921382
2603C,26235,9953.4184248,0
2604C,26198,4608.9,0.243958992384
2605C,26281,4423.5,0.16497456765
2607C,16392,0,0.132060199348
2701C,27229,45072.64,0.061702079319
2702C,27375,8459.37339,0.048387670136
2705C,07336,9227.92,0.21974028002
2706C,27165,1542.32,0.014120532704
2709C,27056,4283.45838,0.068964613586
2802C,28280,2588.19,0.297436457061
2803C,28088,4629.3,0.100697232843
2807C,28085,28772.65,0
2901C,29019,68541.14,0.025422404986
2902C,29189,1923.5,0.042166762802
2903C,29020,0,0
2905C,29189,0,0
2906C,29270,0,0
2907C,29103,0,0
2910C,29232,0,0
3001C,30189,42857.75,0.08529318268
3002C,30007,18705.33,0.051433443035
3101C,31555,93394.92130224,0.009904038087
3102C,31044,6095.22,0.153280820873
3103C,31069,9924.08,0.06603813754
3104C,31555,0,0.057210700302
3106C,31555,4201,0.075418378806
3107C,31555,11288.2,0.045244567035
3108C,31004,347.38176,0.180894300426
3111C,31113,1727.33382,0.199835767414
3112C,31555,31717.5,0.062356349019
3112F,31555,0,0.033344208809
3113C,31446,4000,0.046355625
3114C,31555,2726,0.216378026412
3115C,31066,0,0
3116C,31011,0,0
3301F,33029,0,0.016646823634
3302C,33063,17982,0.247615671227
3302F,33063,0,0.011629701061
3303C,33063,0,0
3304C,16216,10328,0.242085205267
3305C,33029,0,0.220225087274
3310C,33187,499.38,0.003214285714
3312C,33463,251.4,0.038749403341
3313C,33352,69,0.013235869565
3315C,33039,4859.52,0.088750987752
3316C,33063,18609,0.090145359772
3317C,33318,11935.2,0.077007046384
3318C,33063,24402.08,0.078880201196
3319C,33063,0,0.00619221968
3320C,33240,779.5,0.152232200128
3321C,33529,3448,0.113493184455
3324C,33119,0,0.019061453454
3326C,33063,14734,0.060018223157
3327C,33318,1488,0.225789314516
3329C,33162,0,0.023306845966
3334C,33039,0,0.128032258065
3335C,16216,6066.96,0.082075823806
3401C,34172,45408.09,0.065118825742
3401F,34172,14943,0.083608244663
3404C,34107,100.16,0
3409C,34123,4817,0.066798422255
3410C,34057,1038,0.096338150289
3411C,34172,0,0
3411F,34172,0,0.015749019608
3412C,34129,2160,0.0469575
3413C,34198,539,0.065454545455
3414C,34057,3461.93,0.060676096859
3414F,34057,104.8,0.013511450382
3425C,34057,1791,0.249010050251
3427F,34172,0,0.010507246377
3430C,34057,1921,0.14502602811
3504C,35238,4531,0.108554190864
3505C,35238,0,0.204410483015
3506C,35238,125699.4522,0.086416904489
3507C,35238,141110.2,0.209656345183
3508C,35085,0,0.009236964981
3510C,35360,0,0.04947673703
3511C,35136,408.815,0.035382263371
3512C,35353,2982.651,0.057544074885
3514C,35066,1301.2,0.068964886259
3515C,35240,921.74,0.015570564367
3516C,35087,0,0
3518C,35152,0,0.029002988424
3519C,35360,0,0
3601C,36044,5038.28,0.043822455282
3602C,36044,6275.72,0.042441597139
3604C,36141,27.08,0.013559822747
3605C,36088,0,0.057852169296
3606C,36044,0,0.046467028602
3701C,37122,53425.9,0.086512638814
3702C,37261,92481.7,0.043536437428
3704C,37261,21014.1,0.209391696647
3705C,37233,24446.7,0.08148631889
3707C,37210,0,0
3708C,37195,4058.56,0.237985797918
3710C,37261,2383,0.227702266051
3711C,37122,0,0.119600502513
3712C,37261,41331,0.046992545547
3713C,37261,6563,0.179125313265
3714C,37261,10466,0.157930919297
3801C,38281,0,0.030620798319
3802C,38185,241475.13,0.049109843548
3803C,38053,25127.92,0.048416131936
3804C,38559,2002.14,0.069118942731
3805C,38416,1390.83,0.022357541899
3806C,38006,1167.81,0.021477971588
3807C,38548,430.76,0.079648621042
3809C,38242,0,0.022570866142
3810C,38226,0,0
3811C,38314,332.48,0.038000962464
3817C,38548,0,0.015596827495
3820C,38179,1292.46,0.034071816536
3821C,38169,1548.82,0.043143948296
3823C,38425,0,0.04403180418
3824C,38430,219,0.011963013699
3827C,38229,967.340259,0.294694830079
3828C,38563,1480.03,0.044938551921
3829C,38317,297.54,0.032368421053
3901C,39198,16365.6,0.01088566872
3902C,39300,17172.5,0.035514034066
3904C,39333,1159.92,0.160726256983
3905C,39016,436.59,0
3908C,39032,78,0
4003C,40192,1576.43,0.02929787234
4005C,40192,952.56,0.272145833333
4006C,40192,0,0
4007C,40229,0,0
4101C,41018,28124.85,0.022411703529
4102C,41295,849.42,0.176543706294
4103C,41143,240.053,0.050680183126
4104C,41159,0,0
4105C,41285,72.52,0
4106C,41018,1241,0.019802900886
4202C,42218,11450,0.238480349345
4203C,42218,12883,0.221878328029
4204C,42218,13729.5,0.24008172184
4206C,42095,0,0.148336174952
4207C,42187,7063.55,0.057080058894
4210C,42218,15315.96,0.0698295053
4211C,42005,8177.773682,0.025916014045
4212C,42149,1526.124992324,0.005583170411
4213C,42218,0,0.094480546972
4213F,42218,0,0.024198250729
4214C,42207,23225,0.110974983854
4215C,42318,0,0.07641367466
4217C,42115,0,0.080521689481
4224C,42217,0,0.003127695608
4225C,42156,0,0.052979476151
4226C,42168,522.576,0.009348305318
4229C,42289,0,0.018263606916
4230C,42139,0,0.056293184979
4235C,38339,0,0.033039117352
4236C,42168,0,0.01687636353
4237C,42187,0,0.017808343136
4238C,42262,0,0.095260767653
4241C,42093,0,0.024720423779
4246C,42316,1939.91424,0.058251317337
4247C,42234,650.40514,0.005832434627
4249C,42015,0,0.034200126467
4250C,42230,0,0.035413716054
4301C,43244,756.25,0
4303C,43157,10915.3,0.011119736723
4305C,43003,1625.2,0
4306C,43087,256.424,0
4307C,43268,2314.08,0.026242599175
4308C,59469,0,0.006061893204
4314C,43130,0,0
4315C,43234,0,0
4316C,43223,124.74,0
4319C,43150,152.11,0
4401C,44109,114269.49,0.050352351708
4402C,44036,3657.672,0.076651917941
4403C,44109,2318.2,0.100917090846
4405C,44109,51915.02,0.094924586565
4406C,44143,12315.48,0.094506460162
4407C,44166,755,0.442311258278
4408C,44172,2059.2,0.158265734266
4409C,44169,0,0.180751088534
4410C,44109,65102.86,0.068876012206
4411C,44109,5105.4,0.213918969131
4412C,44052,222.7,0.119035058824
4501C,45234,49548.768,0.014524203887
4503C,45234,26020.6975,0.017784746354
4504C,45208,19183.12,0.052646142484
4505C,45147,21134.96,0.092981173336
4507C,45004,5750,0.019718092174
4510C,45252,0,0
4601C,46211,306.44,0.405
4603C,46128,0,0
4604C,46029,1005.12,0.013925501433
4605C,46045,1605.65,0.012863949179
4607C,46064,1107.9,0.005044679123
4608C,46044,660.3,0.067690140845
4609C,46267,996.45,0.026630136986
4611C,46190,1356.08,0.03223880597
4612C,46102,805.92,0.004931506849
4613C,46176,349.32,0.063109756098
4614C,46042,3031.21,0.020881567097
4615C,46317,519.82,0.028318264014
4616C,46143,2063.8,0.030024711697
4617C,06068,3980.08,0.007992653414
4701C,38296,0,0
4802C,48095,12346.53,0.001602085768
4803C,48140,2038.26,0.008818256748
4901C,49007,43638.75,0.040765351895
4902C,49007,17379.12,0.13882705021
4903C,49007,2650.86,0.023060344656
4905C,49328,7006.3,0.070452492757
4907C,49007,36931.1043,0.073073776229
4908C,49129,230.88,0.045533653846
4910C,49007,18280.68,0.140094952704
4913C,49099,8923.2,0.10878387305
4914C,49248,0,0
4915C,49007,9887.19,0.067326184184
4916C,49353,2798.25,0.219729268293
4917C,49023,1055.465,0
5001C,50129,0,0.070474213009
5002C,50129,7265.93,0.167344894597
5003C,50591,902.4,0.066781914894
5004C,50410,0,0.246
5006C,50025,5052.97,0.011618128546
5007C,50090,57.6,0
5010C,50592,0,0.060237166324
5013C,50147,1119.6,0.024125401929
5101C,51454,10289.43,0.069047705266
5103C,51649,12857.28,0.01190253304
5104C,51230,4938.4,0.191008909768
5106C,51454,80361.32,0.051957282107
5107C,51108,13180.86,0.106606466877
5108C,51454,12007.54,0.097680151492
5109C,51454,332.22,0.028339759798
5110C,51108,17006.49,0.065276684078
5202C,52448,25964.12,0.075628859364
5204C,18060,23589,0.04285172644
5207C,52550,0,0
5209C,52269,9451.32,0.100294985251
5213C,52197,0,0.024053127355
5214C,52444,0,0.095481397708
5302C,53130,26652.903949104,0.039487878744
5303C,53200,0,0.080980540541
5304C,53181,0,0
5305C,53097,3516.57,0.04786201469
5306C,53147,0,0.103896496267
5401C,54395,14268.78,0.099261342245
5403C,54547,111441.8,0.058220495
5407C,54395,15101.44,0.111760131484
5408C,54174,1548,0.150160116279
5410C,54547,0,0.006475563852
5411C,54395,11772.28,0.071038440199
5412C,54431,3860.92,0.043806875045
5413C,54304,19396.27,0.097308488362
5414C,54150,1750,0.0494064
5415C,54013,496.32,0
5417C,54329,1865.08,0.040730708602
5501C,55029,8425.12,0.131899963443
5502C,09328,2149.56,0.245522776754
5503C,55291,2218.86,0.056710513507
5601C,56098,3904.065,0.095052779603
5602C,56083,492.5745,0
5604C,56117,0,0
5605C,56075,0,0
5607C,56244,0,0.038685483871
5608C,56118,0,0.001587418831
5611C,56166,0,0.002985892804
5612C,56121,0,0.016330670554
5613C,56121,247.7098,0.005538505138
5616C,56151,0,0.1326704947
5617C,56178,0,0
5701C,57463,171176,0.039985624609
5702C,57757,4557.7,0.044460221164
5703C,57207,15265.15,0.073698758283
5705C,57606,3088.0388,0.241499362913
5706C,57240,8698.86,0.120857438078
5707C,57631,11663.3,0.081438641294
5708C,57058,20359.9923,0
5709C,57606,773.7911,0.084547894774
5710C,57606,708.855,0.025826642402
5711C,57606,755.58,0.035821686651
5712C,57660,1061.76,0
5713C,57160,0,0.178600035236
5714C,57630,5042.1,0.089668075802
5714F,57463,0,0.008126414976
5716C,57144,2263.6,0.28152632974
5717C,57598,3187,0.277433118921
5719C,57124,228.54,0.046689419795
5720C,57019,5780.1,0.032318861265
5721C,57591,3911.6,0.045728793844
5722C,57606,0,0.205217594023
5802C,58194,34545.5,0.070410205381
5803C,58095,789.178,0.068170582556
5807C,58083,0,0
5818C,58062,0,0
5819C,58086,0,0.04187973046
5820C,58062,412.7598,0.088131402331
5823C,58059,3757.6,0
5824C,58149,0,0.011385
5825C,58205,78.552,0
5827C,58180,188.475,0.029808515718
5828C,58300,211.758,0.00534790185
5831C,58088,0,0.02126934964
5901C,59512,39823.3738,0.049004206226
5902C,59606,759.81,0.251213428357
5904C,59009,17949.2665,0.11
5905C,59009,6467.58,0.241653522167
5906C,59648,13801.59,0.18457016609
5907C,59650,8004.1638,0.108877513226
5908C,59569,7208.74,0.100313442953
5909C,59410,32349.72,0.070708004574
5910C,59350,72090.7425,0.092419814567
5911C,59328,13125,0.132221813333
5912C,59392,19648.47,0.051450362479
5914C,59183,53825.28,0.109233669473
5915C,59179,13118.4,0.094876875229
5916C,59295,2277.41268,0.104675389794
5917C,59350,4219.6021,0.126924795824
5919C,59350,5823,0.240581832389
5920C,59271,5696.76,0.068090321864
5922C,59172,1435.8817,0.058774695924
5923C,59249,0,0
5924C,59663,0,0.04485
5925C,59367,11957.24,0.200041736387
5926C,59560,3136.7819,0.118815544715
5927C,59507,4547.888,0.228788960502
5928C,59009,14550.435,0.201834467492
6001C,60159,0,0.091310764489
6002C,60175,53100.2988,0.104772753991
6003C,60463,27667.9,0.074124683198
6004C,60414,14035.53196,0.029113618676
6005C,60057,18367.68,0.023964064052
6006C,27112,1286.649,0.027705410567
6007C,60684,0,0.050925076039
6008C,60286,2590.29,0
6101C,61001,0,0.042667703669
6102C,80314,0,0.072191810345
6103C,61006,11269.09395,0.099366857075
6104C,61168,1976.3884387,0.032140986056
6105C,61214,6938.88,0.018557385342
6109C,61001,4129.46228,0.083227501669
6201C,62065,6557.76,0.204463535697
6202C,62040,916.74,0.066281857451
6203C,62498,6716.52,0.021516003584
6204C,62119,13050.8,0.075237532504
6206C,62510,2558.626,0.104262655305
6207C,62193,21698.6962924,0.081086322689
6209C,62004,2558.73,0.094888998429
6210C,62041,21396.301932,0.092624200878
6211C,62160,26836.58,0.145001590164
6212C,62643,2593.49842,0.175576965611
6301C,63300,7222.11,0.025223642398
6303C,63113,11021.9,0.265555636959
6305C,63305,888.6,0.014767049291
6306C,63113,10127.68,0.069878250845
6307C,63308,1024.8,0.239584821429
6308C,63113,27952.002,0.040668607244
6311C,63353,1904.688,0.045565887956
6312C,63009,0,0
6315C,63006,202.15,0
6316C,63006,257,0
6317C,63113,23184.05,0.056239750604
6319C,63178,5534.36,0.036100840928
6401C,64445,1935.9475,0.03404158292
6402C,64102,9300.2,0.046628813036
6403C,64445,41434.8295,0.051367694158
6501C,65460,4205.4,0.032088101013
6604C,66136,0,0.005114319978
6702C,67482,73588.34,0.237773078588
6703C,67482,99315.5,0.076294765007
6704C,67482,1977,0.06329624431
6705C,67482,1601,0.059810958776
6708C,67482,13290.5,0.062326447462
6709C,67447,12398.26,0.227778482223
6710C,67180,0,0.036467938863
6712C,67421,892,0
6713C,67267,24057,0.119921548822
6714C,67180,0,0
6715C,67324,0,0.030916486194
6716C,67310,883.25,0
6717C,67371,238.25,0
6722C,67482,2414,0.108932193455
6724C,67462,0,0.060128882766
6725C,67482,9015.3,0.070132902245
6726C,67267,1443,0.247150727651
6727C,67131,586,0.233585324232
6728C,67447,1334.2,0.217376442812
6730C,67482,487,0.102751540041
6731C,67447,7139.591,0.160975827677
6732C,67434,0,0.184147838215
6733C,67482,900.4,0.009651853188
6735C,67482,8749.4,0
6736C,67458,0,0
6738C,67482,0,0.005594885182
6739C,67400,3199,0.230697092842
6741C,67116,1319,0.19806823351
6742C,67046,4663.4,0.010766469529
6801C,68066,63877.20471,0.034890266718
6802C,68056,38392.198,0.083969813604
6803C,68224,11900,0.207464823529
6806C,86047,4463.86,0.06437866555
6809C,68128,56.4,0
6810C,68278,8596.8,0.077975973618
6812C,68006,164.4,0
6813C,68087,89.6,0.320625
6814C,68162,49.1778,0.074026902383
6815C,68210,475.2,0
6816C,68334,0,0.019892367544
6818C,68175,1251,0
6819C,68298,0,0.114493457944
6820C,68097,0,0
6821C,68154,0,0
6822C,68278,9131,0.030430073376
6901C,69259,105329.16,0.113613647559
6904C,69040,46707.75,0.072837757117
6905C,69003,262021.05,0.094295669134
6905F,69003,399.18,0.007729846185
6906C,69256,51401.7,0.071872318912
6912C,69091,14118.16,0.086698562277
6913C,69264,15570,0.019439450867
6914C,69149,7006,0.311018127319
6915C,69001,2809,0.206999644001
6923C,69250,909,0.071242574257
6925C,69269,87.2384,0.059621451104
6929C,21171,3051,0.23692920354
6930C,69140,120365.76,0.041640562869
6932C,69248,0,0.013220128047
6934C,69119,0,0.011410819672
6935C,69110,444.3768,0
6937C,69169,104,0.092475
6938C,69227,1038,0.050674400289
6942C,69299,0,0.057274233129
6943C,69139,302,0.037726092715
7001C,70279,3933.05,0.130834778353
7002C,70477,159.5,0.165230181818
7003C,70095,248,0
7006C,70121,715,0
7007C,70482,19.56,0.461319018405
7008C,70334,419.95,0.092775330396
7011C,70285,2422,0.052363872832
7101C,71076,65965.9,0.068753172851
7102C,71306,12076.2,0.081550633477
7104C,71014,19351.8,0.112108877469
7105C,71545,405.17,0.037597551645
7107C,71270,53305.45,0.089415955592
7108C,71289,75.04,0.067643923241
7202C,72181,9616.98,0.096993638215
7203C,72003,125896.68,0.036115343403
7204C,72095,0,0.260391607556
7205C,72160,0,0.074105590062
7206C,72150,2392.92,0.016758217993
7301C,73065,86285.38,0.088252366392
7304C,73210,11475.9,0.057680181947
7305C,73054,3171.39,0.025551067513
7307C,73231,543.26,0.057958933108
7308C,73034,799.75,0.032967177243
7311C,73124,628.35,0.133215254237
7312C,73330,81.117102,0.504062211394
7314C,73033,290.19,0
7315C,73008,11174.8,0.052703966738
7318C,73303,7823.75,0.087418629174
7319C,73011,12531.5,0.016268802617
7320C,73030,6486.35,0.014217907606
7321C,73296,364.44,0.026767369114
7402C,74010,35320.05,0.024650980392
7403C,74012,0,0.044636543822
7407C,74281,8535.6,0.230761176719
7408C,74081,20555.72,0.034963208294
7409C,74014,5941,0.237791154688
7410C,74210,7296.48,0.028256364713
7411C,74264,3679,0.040737376406
7412C,74191,0,0.108078231293
7413C,74077,239.24512,0.364578420659
7416C,74309,3845.4,0.010941845842
7417C,74290,1396.8,0.025275773196
7418C,74281,0,0
7421C,74010,35163.78,0.052784785441
7426C,74153,777.75,0.00737704918
7429C,74008,3001.56573,0.05981510225
7434C,74140,33.04,0
7475C,74012,6387,0.200245811805
7476C,74012,10626,0.186434641446
7477C,74010,3191,0.07213989345
7477F,74010,378,0.052667724868
7501C,75056,1921923.004,0.148977737009
7504C,75056,0,0.15039999727
7601C,76540,92478.42444,0.087376691704
7602C,76351,57688,0.133005588684
7603C,76351,54524.224,0.211541411374
7605C,76451,22889.270571552,0.07345787363
7606C,76157,32181.9624,0.03364717751
7607C,76498,29478.0078,0.064946901198
7608C,76575,0,0.017387413083
7609C,76217,10043.9451,0.222562405583
7610C,76305,6368.04,0.022900484765
7613C,76351,13355.15061,0.236109805143
7614C,76540,9654.78,0.019379499885
7615C,76410,28035.64,0.040081948548
7616C,76330,6641.76,0.035982113175
7617C,76462,2414.25,0.099882572227
7619C,76540,2831.2,0.125378214185
7619F,76540,0,0.248888888889
7620C,76322,21114.3485,0
7621C,76592,0,0
7701C,77284,92934.53295752,0.080803513378
7703C,77288,61246.9,0.054439024261
7704C,77350,6355,0.133780645161
7705C,77333,8704,0.121597455193
7706C,77152,25932.834,0.010690946389
7707C,77014,13586.37,0.22794445205
7708C,77285,55705.914,0.071061603387
7710C,77487,10036.26,0.102
7711C,77131,14589.9,0.019151458886
7715C,77305,23821.319777502,0.010249408112
7716C,71540,34385.76,0.049561340508
7717C,77108,37641.621802264,0.101910769615
7718C,77390,4291.88,0.080652655713
7721C,77018,0,0.112047945205
7722C,77510,11684.8,0.000293689237
7723C,77111,9095.36037641,0.168242100276
7724C,77058,14610.6,0.070364235863
7726C,77257,2390.96,0.050318181818
7727C,77083,0,0.043290547842
7729C,77132,692.59,0
7801C,78208,10192,0.194961215169
7802C,78361,58026.072,0.10339739271
7803C,78646,23559.6,0.254576268273
7804C,78158,60273.05,0.234604711973
7805C,78551,36707.25,0.094813139775
7806C,78005,10150.2,0.092380874268
7807C,78138,7865.91,0.426768457419
7808C,78440,25576.99130832,0.096272914955
7809C,78640,48561.24,0.101102717454
7811C,78124,0,0.016480682052
7812C,78490,46185.64,0.037462990769
7816C,78123,4165,0.210458463385
7821C,78005,8770.5,0.116947251411
7901C,79191,5483.4,0.276922297297
7904C,79001,747,0
7905C,79191,865.2,0.053290048544
7906C,79148,419.9398,0.143110567515
7907C,79329,560,0
8001C,80021,19570.65,0.051427961769
8002C,80021,81597.45,0.113525744555
8005C,80001,8024.45,0.100246180268
8006C,80212,0,0.028606350887
8007C,80021,0,0.057622991347
8013C,80685,240.05,0.092346073735
8101C,81060,0,0.183951119801
8102C,81163,4264.45,0.044608032689
8103C,81065,3098.969999448,0.011005595959
8105C,81105,1770.31,0.033558529297
8112C,81124,0,0.022331013006
8113C,81267,0,0.023827802691
8201C,82121,9238.04,0.060288379353
8204C,82194,46.865,0
8304C,83126,11896.2712,0.016020177987
8307C,04205,2263.74,0.074420315142
8401C,84007,8607,0.206235912629
8405C,84141,0,0
8501C,85191,6135.8,0.205000133642
8502C,85109,176.886,0.077780884298
8503C,85264,1112.84,0
8601C,86194,54800.72,0.069974106727
8605C,86139,0,0.007799881039
8606C,86066,3511.41,0.329482413048
8607C,86077,201.12,0.151109785203
8608C,86194,3500,0.245572857143
8610C,86194,5033.7,0.030183711783
8611C,86062,0,0.160465070165
8701C,87085,90802.52,0
8702C,87085,21459.36,0.054535729863
8703C,87011,2833.2,0.28401747141
8704C,87085,576.18,0.363466729147
8705C,87033,0,0
8707C,87187,1289.6,0.0339191067
8801C,88160,26755.62,0
8802C,88413,8714.52,0.13069537737
8805C,88188,96.41,0.029652810912
8806C,88310,0,0.062153243697
8807C,88181,0,0.088207746479
8808C,88075,0,0.189140021877
8809C,88075,240.2864,0.110536664913
8814C,88516,2810.2,0.096366948972
8815C,88486,7.66,0.032877610966
8821C,88447,133.619083,0.05424983638
8822C,88429,589.96,0.008606413994
8901C,89387,13770,0.033583703704
8902C,89024,16639.738122858,0.044907905283
9002C,90010,6539.52,0.124196234586
9003C,90033,0,0.035503913894
9101C,91377,163274.25,0.079369037065
9101F,91534,0,0.031
9102C,91692,97926.4,0.082975690673
9103C,89162,147744.96,0.062198058127
9104C,91570,30705.476,0.204014094424
9106C,91103,11242.56,0.059835283067
9107C,91200,6497.688,0.26108520877
9108C,91115,0,0.068930849738
9109C,91657,45027.9,0.051056359057
9114C,91215,33558.06,0.057220957946
9115C,91521,14901.126830737,0.050098528433
9118C,69096,75346.88,0.08621187961
9119C,91666,64964.65,0.000521115434
9120C,91687,9656,0.20965948633
9121C,91477,8458.04,0.063925959206
9122C,91086,8629.44,0.058455445545
9123C,91534,14352.07,0.144715478325
9125C,91521,6456.24,0.119260245902
9127C,91477,0,0.209592
9127F,91477,0,0.00527281999
9128C,91534,0,0.198070352648
9201C,92048,64406.2,0.249778253879
9202C,92025,10283.76,0.24052299937
9204C,92050,0,0.162204216867
9205C,92036,0,0.111051451513
9209C,92022,11467,0.198131289788
9211C,92044,84546.213,0.169283891663
9217C,92060,26646.88,0.164713920729
9219C,92012,38872.2,0.121711011966
9219F,92012,0,0.063787714988
9222C,92073,39933.6,0.206696446101
9224C,92026,59144.4,0.21255278471
9225C,92026,84934.576,0.150370206454
9225F,92026,0,0.012964674601
9226C,92078,3186,0.291603813559
9230C,92062,16377.53,0.216329698068
9231F,92026,0,0.002312497344
9232C,92050,7484,0.09528226884
9233C,92025,9410.94,0.117101686973
9234C,92040,7562.28,0.236614782843
9234F,92044,0,0.016206437882
9235C,92024,82535.4075363,0.195874883659
9235F,92073,0,0.000131842935
9236C,36011,67088.25,0.095658170842
9237C,92050,2817.27,0.104174993877
9240F,92026,0,0.009
9242C,92023,7217.5,0.100735594042
9242F,92062,0,0.009
9245C,92040,5433,0.120760022087
9245F,92040,2976,0.034771505376
9301C,11339,254253.6,0.094773242149
9302C,93006,0,0.103088188034
9303C,93008,95817,0.121711631782
9304C,93071,48519.2,0.093201429537
9305C,93050,53573.597,0.058777397585
9306C,11434,22320.5,0.079489449161
9307C,93001,7334.06,0.245239599894
9309C,93071,35804.9,0.136261599669
9310C,93013,0,0.272297338221
9310F,93013,0,0.290237467018
9311C,93014,24835.5,0.212039608625
9312C,93005,40129.7409165,0.186688344227
9313C,93027,54086.35,0.078342191699
9314C,93073,38112.09,0.034002128199
9315C,93007,39422.5637885,0.087526892366
9316C,93010,21983.33838,0.124380352144
9317C,93005,0,0.48169374666
9321C,93005,39134.3,0.201385869301
9322F,11339,0,0.015469134881
9324C,93064,0,0.045078994026
9326C,93070,21736.08,0.063585350338
9327C,93029,3406.5,0.099927344782
9328C,93051,1088,0.07233725677
9329C,93030,3212.529999,0.24942444125
9401C,94044,12292.38,0.117435994494
9402C,94028,182435.84,0.081398826897
9403C,94081,121905.325,0.127340484724
9404C,94033,69966.12,0.166562377405
9406C,94041,3277.98,0.064318939266
9408C,94065,0,0.005440373413
9409C,94071,22410,0.006424156627
9410C,94016,40817,0.084581070387
9411C,94017,56566.8,0.066355422262
9412C,94046,112525.14,0.10092336277
9413C,94073,23979.7,0.023208918377
9414C,94011,28256.8,0.014375130942
9415C,94021,143622.5,0.045337870111
9419C,94034,51200.557826136,0.079466057733
9420C,94054,68517,0.036546171023
9421C,94002,38470.25,0.020983273569
9422C,94003,0,0.049246715611
9423C,94041,8539.57,0.065247406027
9424C,94078,48144.15,0.140529790535
9425C,94054,0,0.053199261953
9429C,94002,7350.4,0.214540487593
9501C,95607,9932.4,0.236378225806
9502C,95585,127455.44,0.088678524942
9503C,95127,198250.78843798,0.08633504308
9507C,54209,57454.32,0.098830101548
9509C,95018,63046.9602,0.045399896063
9510C,95527,0,0.184927009761
9510F,95527,0,0.000086515364
9511C,54209,7409.31,0.217932032133
9514C,95680,47610.693544655,0.091965438907
9515C,95500,0,0.204452945737
9516C,54209,10470.555,0.211756447724
9518C,28185,18276,0.02763058109
9519C,95018,0,0
9520C,95641,0,0.286607655502
9521C,95219,5090,0.232165520629
9522C,95268,20009.835336331,0.272114864595
9523C,95063,4950.4,0.057441360093
