code_region,electricity_gwh,natural_gas_gwh,fuel_oil_gwh,lpg_gwh,heat_gwh
11,20829.6480927545,23638.1724581199,1997.405303184616,499.351325796154,6882.82475816719
24,6739.55122780766,3747.107144385,1449.834061643912,362.458515410978,526.279652155638
27,6467.77598077957,4425.22357966043,2161.693762223312,540.423440555828,660.859606956048
28,8208.09767449676,6270.98894548072,2205.436798278048,551.359199569512,661.029485203245
32,11970.7232459606,12953.8720989818,2556.341233877744,639.085308469436,768.622819717921
44,11993.0435673422,11310.5609041132,4535.352359219352,1133.838089804838,1319.98734219036
52,9257.30305649006,4769.51431467239,1740.52367742664,435.13091935666,615.45134791854
53,8343.28346380169,3565.942328808,2110.565509703824,527.641377425956,373.629166265198
75,15909.1060186799,8172.6316144862,3077.28717381508,769.32179345377,528.242564405659
76,15051.5721327139,5792.4218721742,2472.491581187672,618.122895296918,384.910421607291
84,18560.4044009576,11549.3958717428,4871.5174049724,1217.8793512431,1707.92152088686
93,13442.3791853644,4041.41457697529,1470.49833176404,367.62458294101,274.717355992764
94,1004.87561687334,0,52.611847468236,13.152961867059,4.18701899166
