code_departement,electricity_mwh,natural_gas_mwh
01,63096.07,4251.92667
02,71545.174,4588.45028
03,45343.269,14807.78264
04,18484.153,196.78172
05,10139.934,212.27136
06,3990.57,1602.85462
07,14911.204,1000.31906
08,32731.749,530.36575
09,8450.807,266.269
10,52005.855,7233.87053
11,36526.763,23107.02678
12,93416.492,318.31845
13,95006.113,150938.95863
14,77019.446,6073.20114
15,41291.714,0
16,53529.52,42620.45424
17,103914.422,20788.32397
18,53214.302,5468.7366
19,11517.329,792.14237
21,45395.067,20396.25636
22,337725.43,152457.04766
23,13432.23,0
24,56209.144,13291.65268
25,63069.219,3750.66599
26,77950.366,12012.28181
27,47611.908,3991.32142
28,100033.83,1225.22262
29,358304.802,360624.85902
2A,5359.085,0
2B,13107.028,0
30,45417.053,12360.98354
31,26797.26,6269.77104
32,78081.519,824.90363
33,214060.666,41349.66936
34,48981.257,1998.82061
35,220893.376,97762.40457
36,32271.628,236.79022
37,103465.49,167697.40409
38,43915.415,2157.27969
39,32550.122,2062.67248
40,156147.785,4817.59249
41,63477.312,5240.49769
42,43855.381,3256.41715
43,49631.226,263.31805
44,172888.349,112233.44843
45,403334.375,92408.16904
46,25608.783,63.41193
47,88453.376,63771.69963
48,15752.727,0
49,231577.101,56430.04151
50,164668.253,73571.94714
51,93146.883,16232.86439
52,25237.016,2093.17191
53,140537.462,1520.91825
54,33302.518,3109.19268
55,32989.729,20770.1845
56,209441.546,6208.39671
57,33885.663,12998.72619
58,22531.538,2104.11567
59,179004,25023.39712
60,34946.096,3254.40596
61,86747.714,20272.37423
62,150675.937,5396.65154
63,64016.732,3326.06396
64,74084.546,12037.22494
65,23081.981,6707.71215
66,26345.555,28422.5183
67,61065.334,16146.44197
68,47690.803,31449.91125
69,40219.004,6784.17666
70,26504.041,786.28186
71,48280.519,13437.31597
72,105121.703,12069.27012
73,19683.932,2890.58394
74,38250.058,11573.60804
75,6989.976,1713.80206
76,90995.341,2668.83946
77,38137.062,18938.69899
78,13939.222,5505.42909
79,99797.559,3440.38447
80,133981.823,1224.54248
81,39427.029,11232.69851
82,51795.085,1816.58183
83,55910.63,19208.76335
84,56211.977,37089.27154
85,164294.844,12798.26469
86,62516.002,1092.1957
87,14642.728,1656.85645
88,36342.264,2754.46608
89,36834.101,4631.45723
90,4292.895,947.63646
91,10043.187,3456.22608
92,86.589,1199.51003
93,460.956,622.72646
94,1451.51,6563.2259
95,6750.527,2495.50567
