code_epci,electricity_mwh,natural_gas_mwh
200000172,812.689,342.94196
200000438,5498.278,3560.91006
200000545,1407.33,200.41262
200000628,2903.039,76.23731
200000800,1089.47,0
200000925,984.831,173.37576
200000933,6873.792,557.249
200004802,628.769,0
200005932,1000.036,0
200005957,2943.927,133.37805
200006682,16459.375,13031.84825
200006716,3536.535,0
200006930,662.662,0
200006971,4716.729,0
200007052,1410.213,0
200007177,907.844,0
200010650,2021.629,628.34186
200010700,10320.589,227.22273
200011773,1175.908,8748.32471
200011781,730.709,0
200013050,2614,0
200015162,2873.233,0
200016905,862.151,0
200017341,1204.243,0
200017846,4011.528,72.88938
200018083,5470.518,0
200018166,1507.22,335.00813
200018406,1994.613,0
200018521,1417.448,0
200022986,3506.421,0
200023075,6577.88,0
200023125,536.312,0
200023240,998.144,0
200023299,201.573,0
200023307,5694.099,18725.9259
200023372,101.809,383.64916
200023414,4723.836,945.53791
200023620,3643.429,569.19535
200023737,1844.209,179.77806
200023778,6951.033,4904.42475
200023794,2500.128,236.63619
200023919,2431.33,0
200026573,800.309,0
200027027,9332.137,0
200027076,2519.24,0
200027100,5977.578,0
200027183,8186.185,3621.80722
200027217,1648.404,0
200027308,3002.482,0
200029734,5461.14,362.44936
200029999,797.713,0
200030195,2414.66,1105.65794
200030385,5688.522,354.79329
200030435,5403.849,500.673
200030526,2466.642,1081.23594
200030633,6847.145,776.1201
200030658,1409.747,0
200030674,20107.168,33562.65199
200032514,1605.432,0
200033025,908.707,88.5645
200033090,1725.696,601.42303
200033116,490.523,217.71494
200033173,332.618,93.25572
200033181,10477.601,282.35995
200033298,14015.548,146.23554
200033579,6650.446,1386.12845
200033827,583.993,0
200033868,598.567,0
200034023,1667.447,0
200034031,4006.112,0
200034049,3080.018,0
200034056,3559.895,0
200034064,905.153,0
200034098,953.104,0
200034130,1120.756,3252.91335
200034197,2019.394,8698.25017
200034205,378.207,0
200034270,3947.028,1362.19629
200034379,1708.785,0
200034411,1366.084,0
200034601,739.431,0
200034635,5987,1002
200034692,5016.008,102.70484
200034700,5695.594,63.83577
200034718,6328.709,89.93008
200034726,2798.255,0
200034825,1194.323,86.28786
200034833,2990.097,0
200034874,2345.907,0
200034882,1409.899,0
200034957,1148.406,0
200035087,19171.45,20368.47855
200035103,3174.985,0
200035111,3393.583,0
200035129,777.474,0
200035137,1390.329,0
200035202,1306.547,762.74176
200035319,3160.442,6423.07083
200035327,2460.017,0
200035442,34226.017,1626.07668
200035533,30658.691,3972.57596
200035541,16553.503,241.06654
200035632,8436.385,0
200035707,2874.532,96.81077
200035715,9094.321,5405.06482
200035723,1108.635,0
200035731,3689.869,155.5458
200035756,7636.232,0
200035764,12323.419,225.05692
200035772,3336.556,0
200035814,12861.12,97.35061
200035848,1472.602,0
200035855,13659.775,17253.67642
200035863,4143.709,0
200035970,1667.66,67.21219
200036069,4989.074,0
200036077,7770.61,0
200036135,1330.485,85.22714
200036150,4029.758,0
200036465,889.302,63.36377
200036473,6992.041,742.46136
200036499,393.171,0
200036523,8951.145,0
200036549,2587.636,69.39565
200037059,13973.532,0
200037133,8691.981,474.55097
200038958,438.197,0
200038990,18618.118,4675.487
200039022,36475.721,6220.44939
200039055,444.263,0
200039063,960.862,52.64731
200039204,4339.426,4663.73033
200039519,1916.106,0
200039642,2976.726,313.59674
200039709,2652.666,0
200039758,1558.299,0
200039808,1393.758,0
200039824,72.96,0
200039832,435.534,0
200039857,1299.532,269.20763
200039865,1932.658,10202.96356
200039907,927.197,0
200039915,679.271,190.44699
200039931,223.536,0
200039949,454.753,72.09558
200040038,1560.554,5470.47311
200040095,2898.968,70.22342
200040111,1470.482,0
200040137,4935.548,0
200040178,1197,0
200040202,1817.821,0
200040210,1149.543,0
200040244,25296.975,1953.02623
200040251,2177.296,368.60716
200040277,6071.697,393.93219
200040293,1876.336,51.55102
200040350,2457.939,211.76011
200040384,2381.15,0
200040392,5865.236,166.44075
200040400,5277.281,0
200040418,3219.203,0
200040426,2669.525,0
200040442,6243.724,7.47854
200040459,9423.747,0
200040475,10212.104,1155.53194
200040491,10133.515,2082.29299
200040509,1485.298,0
200040558,4290.438,0
200040566,5043.858,96.17901
200040574,3264.791,2787.41067
200040590,1910.132,384.20008
200040624,3381.049,0
200040657,787.444,0
200040681,3497.571,77.25699
200040715,972.553,311.50505
200040764,2346.373,0
200040772,4847.236,0
200040798,453.977,0
200040814,790.102,0
200040830,4284.092,0
200040889,1716.576,0
200040905,2460.963,0
200040947,28211.007,606.91596
200040954,24824.126,246.81668
200041010,3792.856,253.74442
200041051,783.191,0
200041150,3146.763,83.65077
200041168,2923.463,328.63868
200041283,1902,341.46701
200041317,19949.593,0
200041325,971,638.92751
200041333,11223.881,0
200041366,1495.02,184.75157
200041416,2158.598,0
200041440,1278,0
200041465,579.854,0
200041499,7883.688,0
200041515,931.048,0
200041523,29500.889,8731.00288
200041556,924.976,0
200041572,2697.896,0
200041614,8072.485,740.72
200041622,3951.412,0
200041630,3017.237,711.00395
200041689,13252.22,614.39913
200041721,1915.147,592.81971
200041762,4855.155,547.7173
200041853,2295.609,0
200041861,4112.483,0
200041879,2299.792,0
200041887,2193.87,0
200041960,23632.619,5261.35384
200041994,5120.963,0
200042000,2022.517,0
200042174,15770.101,5484.72016
200042182,9102.921,0
200042190,7948.429,506.93821
200042372,2855.788,0
200042414,1921.763,85.60581
200042463,421.107,0
200042497,1666.395,410.61968
200042604,7222.897,245.25567
200042620,4088.537,0
200042646,556.692,0
200042653,1913.397,0
200042703,4043.512,0
200042729,9488.173,87.3761
200042901,9722.334,3659.275
200042935,3230.409,114.14885
200042943,233.178,0
200042992,864.774,0
200043016,4812.1,0
200043065,4051.623,1351.99991
200043081,37022.966,135870.6461
200043123,10138.914,199.6526
200043156,8507.3,55.38546
200043172,3063.936,469.76966
200043263,10925.926,348.74183
200043321,6711.629,1248.07427
200043354,9371.287,0
200043396,5522.089,445.74753
200043404,1509.958,52.11874
200043438,3895.371,0
200043495,1808.765,76.34906
200043602,5390.208,14057.17829
200043628,3806.778,0
200043693,2339.495,0
200043776,425.234,0
200043974,11730.296,233.05056
200043982,5344.158,0
200043990,12629.179,0
200044014,895.111,0
200044030,8056.242,173.90478
200044048,8997.001,956.66398
200044253,2803.988,57.92662
200044394,2533.526,735.21244
200044469,1245.76,0
200044618,3510.216,1351.2971
200046977,4696.716,2842.67664
200048551,23443.27,296.02955
200049187,1192.34,176.73348
200049211,682.391,0
200049484,4738.383,0
200054781,10207.669,13420.00779
200054807,36345.349,88124.93921
200055481,15668.094,0
200055655,2813.003,711.12298
200055887,15796.112,122.77564
200056232,479.358,857.95585
200056380,621.977,177.05146
200057859,552.519,624.62239
200057958,76.879,54.91803
200058360,3244.33,138.14098
200058477,0,163.1631
200058485,190.888,1332.09665
200058519,2556.101,863.75766
200058782,959.154,0
200059228,1146.813,115.48595
200059392,7853.636,1156.5878
200059400,1573.304,43.90111
200059889,2476.626,464.94148
200060010,60613.422,638.28421
200065563,2779.338,145.72517
200065589,968.96,0
200065597,2819.398,538.93833
200065647,2504.214,1297.14705
200065787,3107.906,550.46358
200065886,11704.389,223.54608
200065894,7543.477,58.20711
200065928,35886.806,76308.14389
200066009,5205.935,5512.58431
200066017,4416.533,0
200066025,12460.358,7342.64881
200066033,2820.75,0
200066041,4802.298,2653.5
200066058,2079.447,7824.715
200066108,2447.825,0
200066116,2940.888,0
200066124,11460.661,2011.89182
200066132,4342.998,59.23575
200066140,3549.931,0
200066157,4235.108,0
200066165,2011.664,130.36913
200066173,4653.032,0
200066223,1967.882,0
200066231,4571.038,266.269
200066280,156434.142,0
200066322,8975.065,737.6718
200066330,8476.153,532.16856
200066348,1813.033,0
200066355,9714.777,208.24094
200066363,214.722,0
200066371,8260.683,0
200066389,20984.981,63.59652
200066405,4272.939,0
200066413,9003.42,836.07634
200066462,5544.594,912.31317
200066512,1241.392,0
200066520,1213.594,0
200066553,2551.967,0
200066561,1673.642,0
200066587,9409.881,87.87859
200066603,1478.409,0
200066637,7240.112,0
200066645,767.38,0
200066652,4495.476,0
200066660,11250.969,0
200066678,9086.377,0
200066710,3107.971,0
200066728,2438.686,1020.02661
200066744,2704.947,81.2888
200066751,1878.396,0
200066769,1367.87,0
200066777,28214.388,464.531
200066785,30422.124,0
200066793,5380.133,164.3854
200066801,13063.485,72.24149
200066819,3815.98,0
200066827,1520.105,0
200066835,6537.564,58.89516
200066850,12456.285,478.51937
200066868,4459.688,0
200066876,9497.615,480.39255
200066884,4743.681,0
200066892,2080.438,0
200066918,2215.589,203.95503
200066926,3676.928,0
200066975,987.177,0
200067023,18843.316,125.28406
200067031,13297.557,0
200067049,196.929,0
200067064,1407.627,0
200067072,27366.849,75924.66616
200067080,9925.29,408.54059
200067106,35220.005,4147.34742
200067114,2672.913,498.52293
200067122,3097.094,0
200067130,9512.098,0
200067155,3047.331,0
200067163,4961.787,0
200067171,5393.795,0
200067189,1157.904,0
200067197,6498.889,0
200067205,29091.432,909.59943
200067213,22829.12,4671.41488
200067239,9153.422,395.14096
200067247,26785.328,830.77514
200067254,2679.754,724.70995
200067262,3974.94,212.71977
200067288,3879.216,638.68109
200067296,12581.477,1269.92162
200067304,2774.024,1247.79813
200067320,533.164,0
200067346,8512.073,0
200067361,8043.937,0
200067379,1587.988,59.26068
200067429,1581.99,65.57046
200067437,8594.263,65.73738
200067445,973.585,0
200067452,609.552,0
200067460,71573.522,3880.82747
200067478,5298.036,0
200067486,2637.597,52.98624
200067502,2305.424,62.06532
200067544,3950.658,0
200067551,3428.253,262.06938
200067593,4850.86,0
200067627,1178.464,0
200067635,17005.474,9617.48591
200067643,2176.748,282.78704
200067650,2540.552,0
200067668,4108.346,0
200067676,9800.88,564.48777
200067684,15491.106,8406.84804
200067692,1647.108,0
200067700,2072.147,0
200067742,924.644,0
200067759,984.187,0
200067767,1876.931,0
200067783,1038.4,0
200067791,789.393,62.63855
200067817,7895.846,1017.43569
200067825,2765.297,212.27136
200067841,4321.091,80.53936
200067866,14810.453,58233.45992
200067874,5908,3048.97352
200067882,4019.824,0
200067890,1581.064,0
200067908,1681.674,0
200067916,6455.295,1678.54729
200067924,4048.205,336.90933
200067932,18095.846,87.65523
200067940,1567.335,0
200067957,981.632,0
200067965,744.131,222.38127
200067973,1850.793,331.57453
200067981,43769.987,69231.83556
200067999,3384.474,572.45372
200068005,2474.557,0
200068047,369.153,62.98223
200068070,8670.892,0
200068088,1962.233,332.678
200068096,2162.817,0
200068104,7838.504,195.59777
200068112,3492,127.24646
200068120,15175.358,477.47011
200068146,6233.409,270.87734
200068229,2610.268,0
200068278,6229.752,11868.34
200068294,2674.242,0
200068369,4498.323,891.71475
200068377,1428.07,169.8229
200068435,2761.879,0
200068443,13358.167,0
200068450,9322.865,0
200068468,5991.242,1494.27293
200068484,5427.667,126.7345
200068500,10126.474,917.04501
200068534,9717.123,0
200068542,5564.788,0
200068559,5894.981,0
200068567,3603.284,0
200068625,522.702,0
200068641,2542.337,871.15527
200068658,3539.611,114.03936
200068666,5628.511,144.80905
200068674,3013.372,804.6026
200068682,4462.297,34.98219
200068757,8125.672,558.78298
200068765,6501.326,131.04434
200068773,5816.031,0
200068781,28381.309,6291.46986
200068799,18497.994,104.35652
200068807,1297.167,2747.539
200068815,4006.701,0
200068831,12077.777,0
200068856,2109.966,0
200068864,3791,114
200068872,1044.457,72.53031
200068880,2724.987,0
200068914,5667.246,0
200068922,12923.376,3727.22022
200068930,3659.678,0
200068948,14165.918,4744.31986
200068955,8080.898,1834.83585
200068963,3240.714,0
200068989,39468.068,5.742
200068997,2352.275,921.53602
200069003,9953.514,650.04762
200069029,6053.157,141.39337
200069037,11904.865,769.73879
200069052,2638.18,1004.73462
200069060,323.595,0
200069086,20817.451,2496.60764
200069094,1326.701,716.25949
200069102,2155.264,0
200069110,3544.355,752.03387
200069128,1733.844,0
200069136,663.981,0
200069144,1849.367,0
200069151,1364.824,0
200069169,9481.672,0
200069177,1981.176,333.56126
200069185,1943.503,0
200069193,7938.563,0
200069227,12262.262,0
200069235,9564.636,0
200069250,4373.254,408.40758
200069268,4295.708,0
200069300,4875.847,2548.33868
200069383,4887.97,55.98747
200069391,74481.938,56.20072
200069409,28639.437,763.61385
200069417,4507.945,3487.46651
200069425,57861.284,72571.23585
200069433,5073.684,124.70473
200069441,2229.215,0
200069458,6055.222,0
200069482,12602.389,74.98968
200069516,4049.825,3674.49097
200069524,5460.969,0
200069532,12391.937,93.52515
200069540,803.697,0
200069565,4010.609,0
200069581,6260.451,1178.16892
200069599,6728.918,234.21394
200069615,2781.628,387.34647
200069623,8369.709,0
200069631,8586.15,0
200069649,13371.017,0
200069656,55681.416,0
200069664,5523.892,0
200069672,12053.951,80.30928
200069698,2107.876,907.26664
200069722,5097.045,162.85233
200069730,6488.058,90.52701
200069748,13352.342,0
200069755,17403.869,1487.35824
200069763,8468.417,380
200069821,3920.191,64.33478
200069839,9696.115,0
200069847,5841.172,0
200069854,8850.847,176.54634
200069912,1001.953,0
200069953,2621.157,270.33144
200069961,12819.206,522.91319
200069995,39030.873,16239
200070035,11467.971,0
200070043,10855.961,0
200070068,7404.022,301.79125
200070092,10849.078,1876.20826
200070100,8744.909,6564.65998
200070118,1775.079,153.81066
200070126,7543.004,0
200070142,2961.269,0
200070159,54632.612,0
200070167,1824.03,0
200070183,11419.822,966.06803
200070233,12312.567,306.74696
200070282,6183.719,0
200070290,942.044,0
200070308,5716.664,1449.44673
200070316,4338.91,110.18267
200070324,3175.43,580.34357
200070332,4763.125,0
200070340,794.852,0
200070365,2777.141,0
200070373,5963.036,1889.566
200070407,5591.985,328.8325
200070431,7534.599,0
200070449,8160.397,55.68357
200070464,590.012,149.03101
200070506,1547.932,0
200070514,11736.198,37884.96262
200070530,4619.284,274.5147
200070548,1629.805,0
200070555,7304.324,0
200070563,2487.952,51.16027
200070571,2133.343,0
200070589,2360.756,1421.50572
200070647,9570.393,1048.59779
200070662,10212.351,0
200070670,8987.783,0
200070688,12887.704,0
200070712,1876.676,90.65685
200070720,7362.946,2616
200070738,2615.866,0
200070746,1424.055,388.65149
200070753,19960.223,968.6155
200070761,4306.536,101.49718
200070779,2474.516,367.47634
200070787,1416.667,0
200070795,4480.64,0
200070803,1454.94,968.656
200070811,2405.977,0
200070829,395.955,0
200070845,2192.226,0
200070852,4840.993,0
200070894,9958.539,4900.8699
200070902,1086.707,508.87653
200070910,792.086,0
200070928,20192.762,0
200070936,22196.538,124.01506
200070944,3072.219,588.448
200070951,8165.09,0
200070969,10603.496,52.24351
200070977,12870.504,0
200070985,15295.026,129.42151
200070993,5368.837,122.92555
200071017,2405.901,0
200071025,1453.861,0
200071033,406.107,0
200071041,2518.625,0
200071058,2959.573,0
200071066,3252.652,972.89289
200071074,407.705,0
200071082,991.624,114.58968
200071116,1122.734,224.73546
200071140,12345.788,1900.4917
200071165,1816.669,59.31906
200071173,1129.919,0
200071181,9230.167,0
200071199,2629.862,1330.75058
200071207,1151.844,0
200071215,5448.956,0
200071223,4052.091,82.71939
200071298,2884.359,0
200071314,2587.621,66.45047
200071363,2433.658,585.26127
200071371,3883.132,305.14058
200071389,8873.182,6410.52874
200071405,599.168,0
200071413,1921.801,276.80927
200071454,4002.39,200.0678
200071470,7263.734,5409.40163
200071496,4334.239,151.145
200071504,3705.802,294.04902
200071512,4465.059,518.85349
200071520,9979.28,0
200071538,4264.941,945.18397
200071546,11347.796,0
200071553,15178.831,74.31765
200071579,4369.984,281.94721
200071587,20767.413,13313.99957
200071595,7254.278,804.50986
200071629,14930.649,0
200071645,2396.948,0
200071652,4232.169,0
200071678,21100.154,11926.93238
200071751,24935.557,2058.12415
200071769,2070.2,0
200071777,11277.29,261.38897
200071785,1989.806,114.62882
200071819,1261.053,2332.87613
200071827,4698.635,1909.10442
200071843,3327.313,98.17711
200071850,125919.644,0
200071868,12757.23,142.75241
200071876,54275.397,8075.69513
200071884,5166.203,138.36917
200071892,2474.793,319.4975
200071900,8854.8,0
200071918,15253.971,1987.98209
200071926,2521.647,0
200071934,8253.805,0
200071942,3701.325,0
200071967,2035.734,520.0873
200071983,4695.256,261.08336
200071991,8918.693,0
200072007,1226.067,0
200072015,1410.819,250.07916
200072023,7370.324,0
200072031,6347.956,1227.43047
200072049,7794.37,97.27456
200072056,1509.321,0
200072064,12216.326,1763.45997
200072072,11087.339,3392.15419
200072080,3059.746,0
200072098,1323.426,134.35738
200072106,12818.608,3593.03181
200072130,1673.667,429.00702
200072304,313.264,0
200072312,5844.638,153.00319
200072320,4258.044,0
200072346,1944.708,613.7527
200072452,22360.736,309.14846
200072460,14823.782,1376.53821
200072478,3910.467,174.3929
200072544,2126.564,0
200072635,462.558,94.04896
200072643,4317.412,214.60285
200072650,4441.794,0
200072668,8704.142,2686.48072
200072676,8083.423,662.92582
200072684,11860.103,0
200072692,6468.551,0
200072700,9738.334,0
200072718,7957.6,282.49417
200072726,18451.72,60.33794
200072734,2401.049,58.83019
200072825,2473.69,0
200072874,4391.075,258.15534
200072882,12800.384,165.1143
200072981,12267.863,8339.41384
200072999,3721.051,1950.65771
200073013,738.732,197.34969
200073096,8237.35,190.52482
200073104,2298.053,0
200073112,11420.152,562.1459
200073120,1007.26,0
200073138,778.934,0
200073146,1427.246,0
200073161,3548.421,1210.53176
200073237,8178.041,0
200073245,1377.481,150.94369
200073252,1333.029,0
200073260,19480.1,3686.74233
200073344,4284.515,120.19149
200073393,8430.164,0
200073401,2628.091,0
200073419,23077.327,244.96665
200073427,3348.17,0
200077014,4301.237,121.20582
200083392,21046.413,190.03621
200084952,9138.539,674.65542
200085728,3763.826,0
200085751,8175.61,34.36872
200089456,3737.277,1605.0966
200090504,5448.852,14648.98326
200090561,1423.119,1312.26369
200090579,6096.298,0
200090751,3139.676,150.79802
200093201,23411.099,12747.77946
200096634,835.105,0
200096642,311.409,118.46478
200096675,10526.215,0
200096683,19593.294,141.26487
200096956,9850.111,3185.61611
240100610,1364.51,111.55133
240100750,1811.882,55.77817
240100800,2350.467,0
240100883,5233.067,1122.68799
240100891,1343.078,0
240200444,7970.45,112.46529
240200469,7454.723,2176.74685
240200477,6201.116,104.50318
240200493,7101.289,349.17378
240200501,1459.146,0
240200519,3957.122,0
240200576,5944.089,0
240200584,3425.362,399.17293
240200592,464.939,0
240200600,2772.186,80.8272
240200634,2281.937,0
240300491,2584.823,0
240300558,2873.682,0
240300566,683.656,0
240300657,877.292,0
240400440,967.663,0
240500439,183.447,0
240500462,133.678,0
240600551,282.452,129.80846
240600585,882.755,366.21237
240600593,129.561,0
240700302,558.998,0
240700617,168.419,0
240700716,167.838,0
240700815,445.435,0
240700864,1878.128,0
240800821,348.246,111.15152
240800847,5439.347,0
240800862,7041.043,0
240800920,8291.492,0
240900431,161.443,0
240900464,552.534,0
241000223,1345.334,0
241000405,3601.305,167.89463
241000447,1726.512,341.28265
241000488,3425.302,5637.80791
241100593,7327.677,580.55211
241200187,2861.897,96.90252
241200542,7888.88,0
241200567,1625.909,45.62351
241200625,3179.695,0
241200641,3065.519,64.60069
241200658,7867.42,78.65445
241200674,3103.999,0
241200765,10346.743,0
241200807,3741.164,0
241200906,2186.857,0
241200914,4814.463,0
241300375,12172.24,4868.84068
241300417,30453.233,38472.53256
241400415,1636.524,710.31281
241400514,5651.896,0
241400555,2967.036,0
241400860,524.508,108.92336
241400878,4628.08,0
241500230,3015.735,0
241500255,4623.869,0
241500271,1469.46,0
241501055,1249.095,0
241501089,1147.474,0
241501139,3053.975,0
241600303,3470.106,2740.99841
241700434,5084.766,1425.13851
241700459,1551.52,0
241700517,4782.184,0
241700624,4745.233,0
241700632,5035.769,0
241700640,8108.491,7988.228
241700699,8627.459,78.17841
241800374,4031.865,1348.86732
241800424,1242.469,0
241800432,1034.182,811.36816
241800457,1780.083,336.81084
241800507,4140.094,682.047
241900133,521.555,0
241927201,1666.024,325.48278
241927243,1453.848,0
242000354,742.603,0
242000495,299.067,0
242000503,502.632,0
242010056,722.741,0
242010130,853.146,0
242020071,925.236,0
242020105,1560.131,0
242100154,1950.615,0
242100410,1867.939,1979.61899
242101434,6699.596,402.95946
242101442,500.686,0
242101459,1252.537,0
242101491,1412.603,0
242101509,1501.298,0
242200715,22153.059,50.63168
242300135,918.132,0
242320000,1138.73,0
242320109,942.464,0
242400752,3283.688,0
242400935,485.172,0
242401024,5102.822,0
242500320,3685.822,0
242500338,1617.226,57.54433
242500361,3416.83,1143.95836
242504116,3245.52,345.14204
242504181,11281.322,0
242504355,2938.775,0
242504371,3822.285,0
242504447,6670.205,1137.1731
242504488,2484.815,0
242504496,2623.586,0
242600252,9339.414,281.79923
242600492,939.716,0
242600534,1629.082,0
242700276,1703.265,0
242700607,4797.13,198.46207
242852465,6224.965,0
242900074,30837.118,33.076
242900314,22596.027,163749.54582
242900553,33744.383,3635.15117
242900561,11949.202,0
242900629,6102.737,0
242900645,4993.235,0
242900660,1566.162,391.23961
242900694,19827.976,53.35173
242900702,2701.006,0
242900710,8099.196,0
242900744,10751.064,0
242900751,49250.21,63.43181
242900769,9113.284,0
242900793,15445.67,9299.146
242900801,22989.44,30845.22259
242900835,29797.964,75487.43653
243000270,374.009,55.01248
243000296,688.724,0
243000569,455.743,0
243000585,6961.558,0
243000593,4181.755,1739.7019
243000643,13698.639,4591.375
243000650,3827.75,0
243000684,5774.19,5842.61338
243100518,1260.766,1597.97802
243100567,2444.617,0
243100633,2605.432,926.62283
243100732,1225.345,0
243100773,1971.183,0
243100781,630.836,0
243100815,193,200.286
243200391,7509.851,178.177
243200409,5721.046,0
243200417,6453.362,0
243200425,2570.953,77.53128
243200458,13450.164,0
243200508,3971.469,0
243200599,4503.841,0
243200607,2954.427,0
243300316,6360.044,3143
243300563,3533.818,192.90612
243300811,1840.036,0
243301165,14696.204,987.85523
243301181,698.853,96.14058
243301215,2619.15,181.72588
243301223,1715.124,129.21703
243301249,1899.257,334.3691
243301264,10485.172,2278.93765
243301355,1290.269,127.83222
243301371,4615.176,1113.20869
243301389,4889.372,673
243301397,3616.224,1098.22278
243301405,6850.193,0
243301439,1924.644,339.9982
243301447,15753.528,4936
243301454,6170.039,239.18874
243301504,8057.645,53.35232
243400017,3356.603,617.61809
243400355,1638.907,0
243400470,5322.165,692.71381
243400488,1539.017,0
243400520,2749.335,79.32026
243400694,3041.397,0
243400736,723.868,0
243400769,5910.636,249.09149
243400819,7522.892,443.97025
243500139,20298.167,66896.85553
243500550,6429.277,0
243500618,6765.336,184.85306
243500634,16253.373,5233.52063
243500659,5096.83,3602.80331
243500667,9687.87,4307.2458
243500725,445.011,0
243500733,13702.063,0
243500741,22548.78,0
243500774,5374.795,0
243500782,6686.499,6641.67787
243600202,1302.74,0
243600236,1779.59,0
243600293,1639.838,0
243600301,2983.292,0
243600319,4620.089,0
243600327,2401.312,103.0765
243600343,2076.783,0
243600350,4092.347,164.25991
243700499,2021.601,0
243700754,1526.322,611.04643
243700820,3196.767,4572.64797
243800604,1357.008,0
243800745,215.803,0
243800935,704.369,600.62766
243800984,3410.672,174.35065
243801024,1145.231,0
243801073,1414.011,0
243801255,993.533,0
243900354,465.392,0
243900420,1340.418,0
243900479,526.99,53.03309
243900560,1525.158,0
243900610,1103.702,71.78998
243901089,1963.14,180.80922
244000543,1745.064,0
244000659,459.779,328.42497
244000675,2864.401,0
244000691,5724.978,0
244000766,9727.671,114.06268
244000774,3702.756,0
244000808,4814.959,82.70671
244000824,2946.995,0
244000857,2065.65,144.99679
244000865,6825.292,0
244000873,12041.517,0.902
244000881,3196.829,0
244100293,3499.574,0
244100780,1997.624,0
244100798,3278.863,0
244100806,644.519,0
244200614,2287.703,0
244200622,2891.211,57.89599
244200630,2918.009,0
244200770,8296.832,2559.30737
244200820,1819.811,0
244200895,2432.959,0
244300307,1112.419,0
244301016,1936.353,153.06853
244301099,613.761,0
244301107,1416.96,0
244301123,3960.158,0
244301131,911.712,0
244400404,25871.704,34481.51947
244400438,11015.968,3858.89656
244400453,2466.806,0
244400503,7666.62,0
244400537,6110.156,1.22971
244400552,24409.551,952.05508
244400586,2355.009,0
244400610,6466.22,1750.35831
244400644,1163.677,53.82733
244500203,1732.58,518.48507
244500211,2044.921,245.58778
244500419,5070.307,0
244500427,6345.632,2551.31679
244500468,5085.704,68670.27126
244500484,7176.995,0
244500542,47307,724.89341
244600433,2724.347,0
244600482,1322.251,0
244600532,1714.567,0
244600573,1050.211,0
244700449,3108.945,0
244700464,3009.299,0
244701355,4303.577,105.69433
244701405,4349.472,0
244800405,583.268,0
244800470,1579.036,0
244900015,18505.142,18970.64807
244900809,18365.599,0
244900882,23234.143,15157.75531
245100615,6455.008,2754.65945
245100888,1834.999,0
245100979,3603.096,0
245200597,1370.316,0
245300223,9236.523,119.63566
245300355,16355.038,0
245300389,20125.368,0
245300447,11654.959,646.20565
245400171,688.376,0
245400189,1796.177,30.03847
245400262,442.098,102.66214
245400510,2033.87,0
245400601,3773.701,59.17031
245400676,743.441,736.17616
245400759,3153.596,72.37588
245500327,1930.968,19601.935
245501176,2283.33,0
245501184,1333.097,375.26377
245501242,2071.731,0
245501259,1459.054,431.26458
245600440,2318.673,0
245600465,357.218,0
245614383,9481.431,97.50281
245614417,18497.646,0
245614433,33004.432,0
245700133,992.466,325.046
245700372,645.309,245.11548
245700398,334.959,74.29448
245700695,1133.497,241.05989
245700950,1363.87,0
245701164,0,1.588
245701206,12287.683,1252.08044
245701222,120.593,92.91506
245701271,0,241.55077
245701354,647.876,63.57197
245701362,657.518,354.90048
245701404,246.091,83.23941
245801063,1032.786,0
245804406,1461.358,312.91011
245804497,1284.328,0
245900428,22776.714,3353.11077
245900758,5256.427,108.15782
245901038,1392.851,155.38427
245901152,2231.138,1264.64196
245901160,2079.166,1248.28174
246000129,102.723,0
246000376,658.061,96.3786
246000566,5340.907,0
246000582,1728.002,416.42742
246000707,1873.217,0
246000749,2362.235,0
246000756,1615.421,588.02555
246000764,770.185,207.60277
246000772,228.522,0
246000848,7755.461,427.83093
246000855,2374.985,200.93158
246000871,4407.955,334.38889
246000897,1752.172,0
246000913,1675.309,0
246000921,549.086,0
246100390,4306.226,0
246100663,4507.984,18642.38479
246200299,699.701,191.02438
246200364,3033.514,314.67803
246200380,3042.049,157.98041
246200729,2905.031,93.92134
246200844,3772.526,0
246201016,5379.414,54.78995
246300701,1294.235,572.1127
246300966,9222.206,0
246301097,1197.865,0
246400337,2145.79,51.90292
246401756,3520.783,1033.93627
246500482,411.239,0
246500573,173.424,0
246600282,2326.833,5773.31296
246600373,244.348,0
246600399,313.931,0
246600415,2089.764,0
246600423,1166.668,0
246600449,5209.103,5007.04909
246600464,281.323,0
246600548,157.713,0
246700306,390.522,96
246700488,3097,2861
246700744,698,621.86
246700777,363.078,0
246700843,994,320
246700926,1828,75.7292
246700959,2453,956.592
246700967,3923.172,1444.22438
246701064,8541,2043.097
246701080,1179.524,300.976
246701098,675,294.24847
246800205,240.098,67.5397
246800395,170.41,143.91612
246800445,3604.636,2414.24402
246800494,2923.335,535.22992
246800551,2581.305,1100.16511
246800569,2669.659,0
246800577,4090.402,2337.80129
246800585,1062.501,157.91777
246800676,703.938,739.25599
246800726,4908.047,1258.12592
246900575,1206.459,292.08443
246900625,1951.028,0
246900724,1915.801,0
246900740,2959.365,0
246900757,243.315,391.65705
246900765,1159.43,101.89384
247000011,561.565,74.89247
247000367,1552.813,0
247000623,1991.13,0
247000664,758.067,64.2416
247000698,1814.136,0
247000706,2031.21,0
247000714,1336.594,0
247000722,547.389,54.32808
247000755,872.282,0
247000821,67.262,0
247000854,988.126,0
247100290,3765.505,777.35218
247100589,4914.282,2947.41186
247100639,1070.785,861.10673
247100647,2048.869,0
247103765,593.587,0
247103864,469.394,0
247104094,1562.931,68.26924
247200090,8747.589,1461.76231
247200132,4048.023,4511.86853
247200348,5627.263,1467.75602
247200421,1358.796,0
247200447,1475.162,121.92044
247200629,4511.092,188.36642
247200686,4884.912,0
247300015,477.822,0
247300254,1025.439,0
247300262,1696.393,0
247300361,333.931,131.96964
247300452,50,0
247300528,1404.478,152.74203
247300668,645.615,0
247300676,213.277,72.06209
247300817,730.573,0
247400047,679.071,0
247400112,2689.625,0
247400567,687.573,0
247400583,2854.344,499.71304
247400617,2291.221,0
247400666,1119.082,0
247400682,637.029,0
247400690,2649.82,531.13235
247400724,1880.827,372.6778
247400740,4214.97,0
247400773,673.71,0
247600505,4228.85,0
247600588,2084.197,1013.27651
247600604,2394.896,0
247600620,3891.224,0
247600646,1282.47,0
247600729,4156.509,0
247600786,881.663,93.45169
247700032,842.113,0
247700057,476.896,102.20979
247700065,1545.278,378.93268
247700107,609.258,227.95553
247700339,0,100.21036
247700594,1132.323,95.43513
247700644,336.45,0
247700701,3189.242,1165.94172
247800550,2040.751,375.26036
247800584,558.508,694.03436
247800618,2886.559,198.202
247900798,7003.11,0
248000499,2784.839,71.01402
248000531,2366.123,736.99983
248000747,10037.132,144.48648
248100158,3417.557,7045.27807
248100430,1938.884,1949.44863
248100497,2725.217,0
248100737,1445.729,283.17766
248100745,279.591,0
248200016,5600.154,777.727
248200057,4868.176,0
248200065,3458.977,0
248200099,13234.701,356.67936
248200107,1866.943,0
248300394,3167.11,0
248300410,676.841,107.18999
248300493,10799.908,0
248300543,7421.195,12697.99621
248300550,7083.955,0
248400053,8588.435,6273.84167
248400160,3200.846,0
248400236,8020.906,869.69252
248400251,5279.549,10135.24267
248400285,2304.022,0
248400293,5461.114,11798.76151
248400319,6688.61,7893.885
248400335,2895.897,0
248500191,3529.815,0
248500258,1125.043,0
248500340,7197.668,1416.18669
248500415,10210.827,123.67504
248500464,7270.812,35.08125
248500530,3734.904,0
248500563,6449.332,0
248500589,8889.303,222
248500621,8028.861,0
248500662,7713.198,0
248600413,6315.202,604.1957
248600447,16912.558,0
248700189,1753.432,0
248719262,673.167,0
248719288,603.409,0
248719312,1354.502,1815.47284
248719338,285.022,0
248719353,861.436,0
248719361,1144.393,0
248900334,1264.421,1789.09658
248900383,365.713,160.77853
248900524,1457.86,73.34492
248900664,2017.533,0
248900748,1853.198,0
248900896,1300.035,94.85571
248900938,1379.937,555.83376
249000241,2128.647,0
249100074,1463.613,198.44068
249100157,2914.465,1727.36806
249100546,781.286,164.41483
249100553,563.742,89.16671
249100595,491.635,290.70956
249500109,696.641,241.86105
249500430,932.803,125.91349
249500455,444.046,64.77016
249500489,142.116,0
249500513,922.043,282.19877
