code_region,electricity_gwh,natural_gas_gwh,petroleum_products_gwh,heat_gwh
11,91.395341664053,41.890223548402,620.944461341099,0
24,780.723587387094,233.210179616975,2562.21659287381,7.255509712663
27,317.298557390968,46.932943921993,2654.21575333958,3.121605488002
28,492.179181923688,83.829411301944,3974.94638548673,36.688531688983
32,609.897393316439,45.297099803357,4391.31541679471,0.242033673753
44,514.013050723202,109.124718891209,4572.55218276997,0.058370206072
52,817.238744345325,176.830212718063,4260.06593207831,1.205779360205
53,1133.07103133481,431.39215762397,6649.71183922096,105.952481201655
75,1009.89663868663,188.294294236475,5906.18146405419,72.653654478055
76,568.197185778618,83.774719209128,3990.57332707932,35.045190726516
84,590.206448319515,61.847175147452,3285.13529166896,81.321324687057
93,240.845243686587,187.115303056803,894.657605436011,0
94,23.330679144668,0,161.098686904935,0
